ram_gb,ssd,hdd,os_bit,graphic_card_gb,touchscreen,msoffice,display_inch,brand_APPLE,brand_ASUS,brand_DELL,brand_HP,brand_LENOVO,brand_MSI,brand_OTHER,processor_brand_Apple,processor_brand_Intel,processor_brand_MediaTek,processor_brand_Qualcomm,os_Windows,laptop_type_Gaming,laptop_type_ThinNlight,cpu_family_AMD Ryzen 5,cpu_family_AMD Ryzen 7,cpu_family_AMD Ryzen 9,cpu_family_Apple M1,cpu_family_Entry level,cpu_family_Intel Core i3,cpu_family_Intel Core i5,cpu_family_Intel Core i7,cpu_family_Intel Core i9,price
4,0,1024,64,0,0,0,15.6,0,1,0,0,0,0,0,0,1,0,0,1,0,0,0,0,0,0,0,0,1,0,0,23990.0
4,512,0,64,0,0,0,15.6,0,1,0,0,0,0,0,0,1,0,0,1,0,0,0,0,0,0,0,0,1,0,0,37990.0
4,512,0,64,0,0,1,15.6,0,0,0,1,0,0,0,0,1,0,0,1,0,1,0,0,0,0,1,0,0,0,0,54990.0
4,512,0,64,0,0,0,15.6,0,0,0,1,0,0,0,0,1,0,0,1,0,1,0,0,0,0,1,0,0,0,0,54990.0
4,0,1024,64,0,0,1,15.6,0,0,0,0,1,0,0,0,1,0,0,1,0,1,0,0,0,0,1,0,0,0,0,35990.0
4,256,1024,64,0,0,1,15.6,0,0,0,1,0,0,0,0,0,0,0,1,0,0,0,0,0,0,1,0,0,0,0,41999.0
4,256,0,64,0,0,0,14.0,0,1,0,0,0,0,0,0,1,0,0,1,0,1,0,0,0,0,1,0,0,0,0,34429.0
4,256,1024,64,0,0,1,15.6,0,0,1,0,0,0,0,0,1,0,0,1,0,1,0,0,0,0,1,0,0,0,0,41490.0
4,256,0,32,0,0,1,15.6,0,0,0,0,1,0,0,0,1,0,0,1,0,1,0,0,0,0,1,0,0,0,0,37990.0
4,512,0,64,0,0,0,15.6,0,0,0,1,0,0,0,0,1,0,0,1,0,1,0,0,0,0,1,0,0,0,0,53990.0
4,256,0,64,0,0,0,15.6,0,0,0,1,0,0,0,0,0,0,0,1,0,1,0,0,0,0,1,0,0,0,0,37990.0
4,512,0,64,4,0,0,15.6,0,0,0,1,0,0,0,0,0,0,0,1,0,0,0,0,0,0,1,0,0,0,0,57990.0
4,512,0,64,0,0,1,14.0,0,0,0,0,1,0,0,0,1,0,0,1,0,0,0,0,0,0,1,0,0,0,0,52990.0
4,256,0,32,0,0,1,15.6,0,1,0,0,0,0,0,0,1,0,0,1,0,0,0,0,0,0,1,0,0,0,0,35990.0
4,0,1024,64,0,0,1,14.0,0,0,1,0,0,0,0,0,0,0,0,1,0,1,0,0,0,0,1,0,0,0,0,35990.0
4,256,0,64,0,0,0,14.0,0,1,0,0,0,0,0,0,1,0,0,1,0,1,0,0,0,0,1,0,0,0,0,33980.0
4,512,0,64,0,0,1,14.0,0,0,0,1,0,0,0,0,1,0,0,1,0,1,0,0,0,0,1,0,0,0,0,67990.0
4,256,0,64,0,0,1,14.0,0,0,0,1,0,0,0,0,1,0,0,1,0,1,0,0,0,0,1,0,0,0,0,39990.0
4,256,0,64,0,0,0,13.3,1,0,0,0,0,0,0,1,0,0,0,0,0,0,0,0,0,0,1,0,0,0,0,85990.0
4,256,0,64,0,0,0,14.0,0,1,0,0,0,0,0,0,1,0,0,1,0,1,0,0,0,0,1,0,0,0,0,29990.0
4,512,0,32,4,0,0,15.0,0,0,0,0,0,0,0,0,1,0,0,1,0,0,0,0,0,0,1,0,0,0,0,50990.0
4,512,0,64,0,0,0,15.6,0,1,0,0,0,0,0,0,1,0,0,1,0,0,0,0,0,0,1,0,0,0,0,57990.0
4,512,0,64,0,0,1,15.6,0,0,0,1,0,0,0,0,1,0,0,1,0,1,0,0,0,0,1,0,0,0,0,42990.0
4,256,0,64,0,0,0,14.0,0,0,0,0,1,0,0,0,1,0,0,1,0,1,0,0,0,0,1,0,0,0,0,31999.0
4,256,0,64,0,0,1,14.0,0,0,1,0,0,0,0,0,1,0,0,1,0,1,0,0,0,0,1,0,0,0,0,39490.0
4,256,1024,64,4,0,0,15.6,0,0,0,0,0,1,0,0,1,0,0,1,0,0,0,0,0,0,1,0,0,0,0,55990.0
4,256,1024,64,4,0,0,15.6,0,0,0,0,0,1,0,0,1,0,0,1,0,0,0,0,0,0,1,0,0,0,0,63990.0
4,512,0,64,4,0,0,15.6,0,1,0,0,0,0,0,0,1,0,0,1,1,0,0,0,0,0,1,0,0,0,0,57990.0
4,256,0,64,0,0,0,15.6,0,1,0,0,0,0,0,0,0,0,0,1,0,1,0,0,0,0,1,0,0,0,0,35990.0
4,512,0,64,0,0,1,15.6,0,0,0,0,1,0,0,0,1,0,0,1,0,1,0,0,0,0,1,0,0,0,0,62300.0
4,512,0,64,0,0,1,14.0,0,0,0,0,0,0,1,0,1,0,0,1,0,0,0,0,0,0,0,0,1,0,0,52990.0
4,512,0,64,0,0,0,15.6,0,0,0,0,0,0,0,0,0,0,0,1,0,0,0,0,0,0,0,1,0,0,0,36990.0
4,256,0,32,0,0,0,15.6,0,0,0,0,0,0,1,0,1,0,0,1,0,1,0,0,0,0,0,1,0,0,0,38990.0
4,256,1024,32,0,0,1,15.6,0,1,0,0,0,0,0,0,1,0,0,1,0,0,0,0,0,0,0,1,0,0,0,50990.0
4,512,0,64,4,0,0,15.6,0,1,0,0,0,0,0,0,1,0,0,1,1,0,0,0,0,0,0,1,0,0,0,61990.0
4,1024,0,64,6,0,0,15.6,0,0,0,0,0,1,0,0,1,0,0,1,0,0,0,0,0,0,0,1,0,0,0,84990.0
4,256,0,64,0,0,0,15.6,0,0,1,0,0,0,0,0,0,0,0,1,0,1,0,0,0,0,0,1,0,0,0,39490.0
4,256,1024,64,4,0,0,15.6,0,1,0,0,0,0,0,0,1,0,0,1,1,0,0,0,0,0,0,1,0,0,0,55990.0
4,256,0,64,0,1,1,14.0,0,0,0,1,0,0,0,0,1,0,0,1,0,0,0,0,0,0,0,1,0,0,0,53990.0
4,256,0,64,0,0,1,14.0,0,0,1,0,0,0,0,0,0,0,0,1,0,0,0,0,0,0,0,1,0,0,0,41990.0
4,512,0,64,0,0,0,15.6,0,0,0,0,1,0,0,0,1,0,0,1,0,1,0,0,0,0,0,1,0,0,0,52990.0
4,256,0,64,0,0,0,15.6,0,0,0,0,0,0,0,0,1,0,0,1,0,1,0,0,0,0,0,1,0,0,0,38990.0
4,256,0,64,0,0,1,14.0,0,0,0,0,0,0,1,0,1,0,0,1,0,1,0,0,0,0,0,1,0,0,0,46990.0
4,512,0,64,0,0,0,15.6,0,1,0,0,0,0,0,0,1,0,0,1,0,0,0,0,0,0,0,1,0,0,0,35990.0
4,512,0,64,4,0,1,15.6,0,0,0,0,1,0,0,0,0,0,0,1,1,0,0,0,0,0,0,1,0,0,0,56990.0
4,512,0,64,0,0,1,15.6,0,0,0,0,1,0,0,0,1,0,0,1,0,1,0,0,0,0,0,1,0,0,0,51990.0
4,512,0,64,0,0,0,15.6,0,0,0,0,1,0,0,0,0,0,0,1,0,1,0,0,0,0,0,1,0,0,0,48990.0
4,512,0,64,0,0,0,14.0,0,0,0,0,1,0,0,0,1,0,0,1,0,1,0,0,0,0,0,1,0,0,0,61990.0
4,256,1024,64,0,0,0,15.6,0,0,1,0,0,0,0,0,0,0,0,1,0,0,0,0,0,0,0,1,0,0,0,49490.0
4,0,1024,64,0,0,0,15.6,0,0,1,0,0,0,0,0,1,0,0,1,0,1,0,0,0,0,0,1,0,0,0,42490.0
4,512,0,32,4,0,0,15.0,0,0,0,0,0,0,0,0,0,0,0,1,0,0,0,0,0,0,0,1,0,0,0,54990.0
4,256,1024,64,0,0,0,15.6,0,1,0,0,0,0,0,0,0,0,0,1,0,0,0,0,0,0,0,1,0,0,0,54990.0
4,512,0,32,0,0,0,15.6,0,0,0,0,0,0,1,0,1,0,0,1,0,1,0,0,0,0,0,1,0,0,0,42990.0
4,256,1024,64,4,0,0,15.6,0,0,0,0,1,0,0,0,0,0,0,1,0,0,0,0,0,0,0,1,0,0,0,68500.0
4,512,0,64,0,0,1,14.0,0,0,0,1,0,0,0,0,0,0,0,1,0,1,0,0,0,0,0,1,0,0,0,49970.0
4,256,0,64,0,0,1,15.6,0,0,0,0,1,0,0,0,1,0,0,1,0,0,0,0,0,0,0,1,0,0,0,49490.0
4,512,0,64,0,0,0,14.0,0,1,0,0,0,0,0,0,1,0,0,1,0,0,0,0,0,0,0,1,0,0,0,42990.0
4,512,0,64,0,0,0,14.0,0,0,0,0,0,1,0,0,0,0,0,1,0,0,0,0,0,0,0,1,0,0,0,47990.0
4,512,0,64,0,0,1,15.6,0,0,0,1,0,0,0,0,0,0,0,1,0,1,0,0,0,0,0,1,0,0,0,48990.0
4,256,0,64,0,0,0,15.6,0,1,0,0,0,0,0,0,1,0,0,1,0,1,0,0,0,0,0,1,0,0,0,37990.0
4,256,0,64,0,0,1,14.0,0,1,0,0,0,0,0,0,1,0,0,1,0,0,0,0,0,0,0,1,0,0,0,37890.0
4,512,0,32,0,0,0,15.6,0,0,0,0,0,0,1,0,1,0,0,1,0,1,0,0,0,0,0,1,0,0,0,48990.0
4,256,0,64,0,0,0,13.3,1,0,0,0,0,0,0,1,0,0,0,0,0,0,0,0,0,0,0,1,0,0,0,112990.0
4,256,0,64,0,0,0,14.0,0,0,0,0,1,0,0,0,1,0,0,1,0,1,0,0,0,0,0,1,0,0,0,38990.0
4,512,0,32,0,1,1,14.0,0,1,0,0,0,0,0,0,1,0,0,1,0,0,0,0,0,0,0,1,0,0,0,63990.0
4,512,0,32,0,1,1,14.0,0,1,0,0,0,0,0,0,1,0,0,1,0,0,0,0,0,0,0,1,0,0,0,51990.0
4,512,0,64,0,0,1,15.6,0,0,0,0,1,0,0,0,1,0,0,1,0,0,0,0,0,0,0,1,0,0,0,65990.0
4,512,0,64,0,0,0,14.0,0,0,0,0,0,0,1,0,1,0,0,1,0,1,0,0,0,0,0,1,0,0,0,47990.0
4,512,0,64,0,0,0,14.0,0,0,0,0,0,0,0,0,0,0,0,1,0,1,0,0,0,0,0,1,0,0,0,53990.0
4,512,0,64,0,0,0,15.6,0,1,0,0,0,0,0,0,1,0,0,1,0,0,0,0,0,0,0,1,0,0,0,48990.0
4,512,0,64,0,0,0,15.6,0,0,0,0,0,0,0,0,1,0,0,1,0,1,0,0,0,0,0,1,0,0,0,52990.0
4,512,0,64,0,0,0,13.3,1,0,0,0,0,0,0,1,0,0,0,0,0,0,0,0,0,0,0,1,0,0,0,149990.0
4,512,1024,64,4,0,0,15.6,0,0,0,0,0,0,0,0,1,0,0,1,0,0,0,0,0,0,0,1,0,0,0,92990.0
4,512,0,32,4,0,0,17.3,0,1,0,0,0,0,0,0,0,0,0,1,1,0,0,0,0,0,0,1,0,0,0,76990.0
4,512,0,64,0,0,0,15.6,0,0,0,0,1,0,0,0,1,0,0,1,0,1,0,0,0,0,0,1,0,0,0,49990.0
4,512,0,64,4,0,0,17.3,0,1,0,0,0,0,0,0,1,0,0,1,1,0,0,0,0,0,0,1,0,0,0,71990.0
4,256,0,64,0,0,0,14.0,0,0,0,0,1,0,0,0,1,0,0,1,0,1,0,0,0,0,0,1,0,0,0,37990.0
4,512,0,64,0,0,0,15.6,0,1,0,0,0,0,0,0,1,0,0,1,0,0,0,0,0,0,0,1,0,0,0,47990.0
4,1024,0,64,4,0,0,15.6,0,1,0,0,0,0,0,0,1,0,0,1,1,0,0,0,0,0,0,1,0,0,0,75990.0
4,512,0,64,0,0,0,14.0,0,0,0,0,0,0,1,0,1,0,0,1,0,1,0,0,0,0,0,1,0,0,0,45990.0
4,512,0,32,0,0,1,15.6,0,0,0,0,1,0,0,0,1,0,0,1,0,1,0,0,0,0,0,1,0,0,0,48490.0
4,512,0,64,4,0,0,17.3,0,1,0,0,0,0,0,0,1,0,0,1,1,0,0,0,0,0,0,1,0,0,0,72990.0
4,512,0,64,4,0,0,15.6,0,0,0,0,0,1,0,0,1,0,0,1,0,0,0,0,0,0,0,1,0,0,0,76990.0
4,256,0,64,0,0,0,13.3,1,0,0,0,0,0,0,1,0,0,0,0,0,0,0,0,0,0,0,1,0,0,0,104990.0
4,512,0,64,6,0,0,15.6,0,0,0,0,0,1,0,0,1,0,0,1,0,0,0,0,0,0,0,1,0,0,0,76990.0
4,256,1024,64,0,0,0,15.6,0,0,0,0,0,0,0,0,1,0,0,1,0,0,0,0,0,0,0,1,0,0,0,57990.0
4,256,1024,64,0,0,0,15.6,0,1,0,0,0,0,0,0,1,0,0,1,0,0,0,0,0,0,0,1,0,0,0,52990.0
4,256,0,64,0,0,1,14.96,0,0,1,0,0,0,0,0,1,0,0,1,0,1,0,0,0,0,0,1,0,0,0,41990.0
4,512,0,64,0,0,1,15.6,0,0,0,0,1,0,0,0,0,0,0,1,0,0,0,0,0,0,0,1,0,0,0,52990.0
4,512,0,64,6,0,1,15.6,0,1,0,0,0,0,0,0,1,0,0,1,1,0,0,0,0,0,0,1,0,0,0,89990.0
4,512,0,64,0,0,0,13.3,1,0,0,0,0,0,0,1,0,0,0,0,0,0,0,0,0,0,0,1,0,0,0,125990.0
4,256,0,64,0,0,0,15.6,0,1,0,0,0,0,0,0,1,0,0,1,0,0,0,0,0,0,0,1,0,0,0,45990.0
4,512,0,64,4,0,0,15.6,0,0,0,0,0,1,0,0,1,0,0,1,0,0,0,0,0,0,0,1,0,0,0,59990.0
4,512,0,32,4,0,0,15.0,0,0,0,0,0,1,0,0,1,0,0,1,0,0,0,0,0,0,0,1,0,0,0,86990.0
4,1024,0,64,2,1,1,14.0,0,1,0,0,0,0,0,0,1,0,0,1,0,0,0,0,0,0,0,1,0,0,0,104990.0
4,512,0,64,0,0,0,13.3,1,0,0,0,0,0,0,1,0,0,0,0,0,0,0,0,0,0,0,1,0,0,0,103990.0
4,512,1024,32,6,0,0,15.6,0,0,0,0,0,0,0,0,1,0,0,1,0,0,0,0,0,0,0,1,0,0,0,119990.0
8,256,0,64,0,0,0,13.3,1,0,0,0,0,0,0,1,0,0,0,0,0,0,0,0,0,0,0,1,0,0,0,112990.0
8,512,0,64,0,0,0,13.3,1,0,0,0,0,0,0,1,0,0,0,0,0,0,0,0,0,0,0,1,0,0,0,101990.0
8,0,1024,64,0,0,0,15.6,0,1,0,0,0,0,0,0,1,0,0,1,0,0,0,0,0,0,0,1,0,0,0,27990.0
8,256,0,64,0,0,0,14.0,0,0,0,1,0,0,0,0,1,0,0,1,0,1,0,0,0,0,0,1,0,0,0,32490.0
8,256,0,64,0,0,0,14.96,0,0,1,0,0,0,0,0,0,0,0,1,0,1,0,0,0,0,0,1,0,0,0,36990.0
8,256,1024,64,0,0,0,15.6,0,0,1,0,0,0,0,0,1,0,0,1,0,0,0,0,0,0,0,1,0,0,0,57990.0
8,512,0,64,0,0,0,15.6,0,0,0,0,1,0,0,0,1,0,0,1,0,1,0,0,0,0,0,1,0,0,0,38990.0
8,512,0,64,0,0,0,14.0,0,0,0,1,0,0,0,0,0,0,0,1,0,1,0,0,0,0,0,1,0,0,0,43490.0
8,256,0,64,0,0,0,15.6,0,0,0,0,1,0,0,0,1,0,0,1,0,1,0,0,0,0,0,1,0,0,0,39990.0
8,512,0,64,4,0,1,15.6,0,1,0,0,0,0,0,0,1,0,0,1,1,0,0,0,0,0,0,1,0,0,0,65990.0
8,512,0,64,0,1,0,14.0,0,0,1,0,0,0,0,0,1,0,0,1,0,0,0,0,0,0,0,1,0,0,0,71990.0
8,256,0,64,0,0,0,15.6,0,0,1,0,0,0,0,0,1,0,0,1,0,1,0,0,0,0,0,1,0,0,0,42490.0
8,256,1024,64,0,0,0,15.6,0,0,1,0,0,0,0,0,1,0,0,1,0,0,0,0,0,0,0,1,0,0,0,44490.0
8,512,0,64,0,0,0,14.96,0,0,1,0,0,0,0,0,1,0,0,1,0,1,0,0,0,0,0,1,0,0,0,45990.0
8,512,0,32,4,0,0,15.0,0,0,0,0,0,0,0,0,0,0,0,1,0,0,0,0,0,0,0,1,0,0,0,59990.0
8,256,1024,64,0,0,1,14.1,0,1,0,0,0,0,0,0,1,0,0,1,0,0,0,0,0,0,0,1,0,0,0,41890.0
8,512,0,64,0,0,0,15.6,0,0,0,0,0,0,0,0,0,0,0,1,0,0,0,0,0,0,0,1,0,0,0,43990.0
8,512,0,32,6,0,0,15.0,0,0,0,0,0,1,0,0,1,0,0,1,0,0,0,0,0,0,0,1,0,0,0,109990.0
8,256,0,64,0,0,0,13.3,1,0,0,0,0,0,0,1,0,0,0,0,0,0,0,0,0,0,0,1,0,0,0,132990.0
8,512,0,64,4,0,0,15.6,0,0,0,0,1,0,0,0,0,0,0,1,1,0,0,0,0,0,0,1,0,0,0,59490.0
8,512,0,64,0,0,1,15.6,0,0,0,1,0,0,0,0,1,0,0,1,0,1,0,0,0,0,0,1,0,0,0,42490.0
8,1024,0,64,8,0,0,15.6,0,0,0,0,0,1,0,0,0,0,0,1,0,0,0,0,0,0,0,1,0,0,0,99990.0
8,1024,0,64,4,0,0,14.0,0,1,0,0,0,0,0,0,0,0,0,1,0,0,0,0,0,0,0,1,0,0,0,72990.0
8,512,0,64,0,1,0,14.0,0,0,1,0,0,0,0,0,1,0,0,1,0,0,0,0,0,0,0,1,0,0,0,71890.0
8,512,0,32,0,0,0,15.0,0,0,0,0,1,0,0,0,1,0,0,1,0,0,0,0,0,0,0,1,0,0,0,72990.0
8,512,0,64,4,0,0,15.6,0,0,0,0,0,1,0,0,1,0,0,1,0,0,0,0,0,0,0,1,0,0,0,79990.0
8,1024,0,64,6,0,0,15.6,0,1,0,0,0,0,0,0,0,0,0,1,0,0,0,0,0,0,0,1,0,0,0,135990.0
8,512,0,64,4,0,1,15.6,0,0,0,0,1,0,0,0,1,0,0,1,1,0,0,0,0,0,0,1,0,0,0,68990.0
8,512,0,64,4,0,0,15.6,0,0,0,0,0,1,0,0,0,0,0,1,0,0,0,0,0,0,0,1,0,0,0,64990.0
8,256,0,64,0,0,0,14.0,0,0,0,0,0,0,1,0,1,0,0,1,0,1,0,0,0,0,0,1,0,0,0,32990.0
8,1024,0,64,0,1,0,14.0,0,1,0,0,0,0,0,0,1,0,0,1,0,0,0,0,0,0,0,1,0,0,0,134990.0
8,256,1024,64,6,0,0,15.6,0,0,0,0,0,0,0,0,0,0,0,1,0,0,0,0,0,0,0,1,0,0,0,89990.0
8,512,0,64,0,0,0,15.6,0,0,0,0,1,0,0,0,1,0,0,1,0,1,0,0,0,0,0,1,0,0,0,64990.0
8,512,0,64,2,0,0,14.0,0,0,0,0,0,0,1,0,1,0,0,1,0,0,0,0,0,0,0,1,0,0,0,59490.0
8,512,0,64,0,0,1,15.6,0,0,0,1,0,0,0,0,1,0,0,1,0,1,0,0,0,0,0,1,0,0,0,43970.0
8,512,0,64,0,0,0,14.0,0,1,0,0,0,0,0,0,1,0,0,1,0,0,0,0,0,0,0,1,0,0,0,65990.0
8,256,0,64,0,0,0,13.3,1,0,0,0,0,0,0,1,0,0,0,0,0,0,0,0,0,0,0,1,0,0,0,104990.0
8,256,0,64,0,0,1,14.0,0,0,1,0,0,0,0,0,1,0,0,1,0,1,0,0,0,0,0,1,0,0,0,36990.0
8,512,0,64,0,0,0,13.3,1,0,0,0,0,0,0,1,0,0,0,0,0,0,0,0,0,0,0,1,0,0,0,104990.0
8,512,0,64,0,0,0,15.6,0,0,0,1,0,0,0,0,1,0,0,1,0,1,0,0,0,0,0,1,0,0,0,55999.0
8,512,0,64,4,0,0,14.0,0,1,0,0,0,0,0,0,1,0,0,1,0,0,0,0,0,0,0,1,0,0,0,73490.0
8,512,0,64,0,0,1,14.0,0,0,0,1,0,0,0,0,1,0,0,1,0,1,0,0,0,0,0,1,0,0,0,74490.0
8,256,1024,64,0,0,0,15.6,0,0,0,0,0,0,0,0,1,0,0,1,0,1,0,0,0,0,0,1,0,0,0,56990.0
8,512,0,64,0,0,0,14.0,0,0,1,0,0,0,0,0,0,0,0,1,0,1,0,0,0,0,0,1,0,0,0,47490.0
8,256,0,64,0,1,1,14.0,0,0,0,0,1,0,0,0,1,0,0,1,0,0,0,0,0,0,0,1,0,0,0,53990.0
8,512,0,64,4,0,0,15.6,0,0,0,1,0,0,0,0,0,0,0,1,0,0,0,0,0,0,0,1,0,0,0,59990.0
8,256,1024,64,4,0,0,15.6,0,0,0,0,0,0,0,0,0,0,0,1,0,0,0,0,0,0,0,1,0,0,0,81990.0
8,256,0,64,0,0,0,14.0,0,1,0,0,0,0,0,0,1,0,0,1,0,1,0,0,0,0,0,1,0,0,0,36990.0
8,512,0,64,0,0,1,15.6,0,1,0,0,0,0,0,0,1,0,0,1,0,1,0,0,0,0,0,1,0,0,0,39990.0
8,256,0,64,0,0,0,15.6,0,0,1,0,0,0,0,0,0,0,0,1,0,1,0,0,0,0,0,1,0,0,0,39990.0
8,512,0,64,4,0,0,14.0,0,1,0,0,0,0,0,0,0,0,0,1,0,0,0,0,0,0,0,1,0,0,0,79990.0
8,256,0,64,0,0,0,15.6,0,0,0,0,1,0,0,0,1,0,0,1,0,0,0,0,0,0,0,1,0,0,0,38940.0
8,256,0,64,0,0,1,15.0,0,0,1,0,0,0,0,0,1,0,0,1,0,0,0,0,0,0,0,1,0,0,0,39490.0
8,512,0,32,0,0,0,15.0,0,1,0,0,0,0,0,0,1,0,0,1,0,0,0,0,0,0,0,1,0,0,0,23490.0
8,512,0,64,0,0,1,14.0,0,0,0,1,0,0,0,0,1,0,0,1,0,1,0,0,0,0,0,1,0,0,0,58340.0
8,1024,0,32,0,0,0,15.6,0,1,0,0,0,0,0,0,0,0,0,1,0,0,0,0,0,0,0,1,0,0,0,154990.0
8,512,0,64,0,0,0,14.0,0,0,0,0,0,0,0,0,1,0,0,1,0,1,0,0,0,0,0,1,0,0,0,55999.0
8,512,0,64,4,0,0,15.6,0,0,0,0,1,0,0,0,0,0,0,1,0,0,0,0,0,0,0,1,0,0,0,69990.0
8,256,0,64,0,0,0,15.6,0,0,1,0,0,0,0,0,0,0,0,1,0,1,0,0,0,0,0,1,0,0,0,44490.0
8,256,1024,64,0,0,0,14.0,0,0,0,0,0,0,0,0,1,0,0,1,0,0,0,0,0,0,0,1,0,0,0,55490.0
8,512,0,64,0,0,0,13.3,1,0,0,0,0,0,0,1,0,0,0,0,0,0,0,0,0,0,0,1,0,0,0,131990.0
8,512,0,64,0,0,0,14.0,0,0,0,0,0,1,0,0,1,0,0,1,0,1,0,0,0,0,0,1,0,0,0,48990.0
8,512,0,64,0,0,1,14.0,0,0,0,1,0,0,0,0,1,0,0,1,0,0,0,0,0,0,0,1,0,0,0,54990.0
8,512,0,64,4,0,0,15.6,0,0,0,1,0,0,0,0,0,0,0,1,0,0,0,0,0,0,0,1,0,0,0,58990.0
8,512,0,64,0,0,0,14.0,0,0,1,0,0,0,0,0,1,0,0,1,0,1,0,0,0,0,0,1,0,0,0,67990.0
8,256,1024,64,2,0,0,15.6,0,0,1,0,0,0,0,0,1,0,0,1,0,0,0,0,0,0,0,1,0,0,0,62490.0
8,256,0,64,0,0,0,15.6,0,1,0,0,0,0,0,0,1,0,0,1,0,0,0,0,0,0,0,1,0,0,0,45990.0
8,512,0,64,0,0,0,14.0,0,1,0,0,0,0,0,0,1,0,0,1,0,0,0,0,0,0,0,1,0,0,0,59990.0
8,256,0,64,0,0,1,15.6,0,0,0,0,1,0,0,0,1,0,0,1,0,0,0,0,0,0,0,1,0,0,0,39999.0
8,512,0,64,0,0,0,14.0,0,0,1,0,0,0,0,0,0,0,0,1,0,1,0,0,0,0,0,1,0,0,0,59490.0
8,512,0,64,0,0,1,15.6,0,0,0,1,0,0,0,0,0,0,0,1,0,1,0,0,0,0,0,1,0,0,0,67500.0
8,512,0,64,6,0,1,15.6,0,1,0,0,0,0,0,0,1,0,0,1,0,0,0,0,0,0,0,1,0,0,0,82990.0
8,256,1024,32,0,0,1,15.6,0,1,0,0,0,0,0,0,0,0,0,1,0,0,0,0,0,0,0,1,0,0,0,54990.0
8,512,0,64,0,1,1,14.0,0,0,0,0,1,0,0,0,1,0,0,1,0,0,0,0,0,0,0,1,0,0,0,85990.0
8,256,0,64,0,0,0,15.6,0,0,1,0,0,0,0,0,1,0,0,1,0,1,0,0,0,0,0,1,0,0,0,42990.0
8,512,0,64,4,0,1,15.6,0,0,0,0,1,0,0,0,1,0,0,1,0,0,0,0,0,0,0,1,0,0,0,99990.0
8,1024,0,64,4,0,0,15.6,0,1,0,0,0,0,0,0,1,0,0,1,1,0,0,0,0,0,0,1,0,0,0,98990.0
8,512,0,64,4,0,0,15.6,0,1,0,0,0,0,0,0,0,0,0,1,0,0,0,0,0,0,0,1,0,0,0,71990.0
8,256,0,64,0,1,0,13.3,0,1,0,0,0,0,0,0,1,0,0,1,0,0,0,0,0,0,0,1,0,0,0,62990.0
8,512,0,64,2,0,1,14.0,0,0,1,0,0,0,0,0,1,0,0,1,0,0,0,0,0,0,0,1,0,0,0,64190.0
8,512,0,32,0,0,0,15.6,0,0,0,1,0,0,0,0,0,0,0,1,0,0,0,0,0,0,0,1,0,0,0,48990.0
8,512,0,64,0,1,1,14.0,0,1,0,0,0,0,0,0,0,0,0,1,0,0,0,0,0,0,0,1,0,0,0,62450.0
8,512,0,64,0,0,0,14.0,0,0,1,0,0,0,0,0,1,0,0,1,0,1,0,0,0,0,0,1,0,0,0,70090.0
8,0,1024,64,0,0,0,15.6,0,0,0,0,0,0,0,0,1,0,0,1,0,0,0,0,0,0,0,1,0,0,0,49990.0
8,512,0,32,0,0,0,15.0,0,0,0,0,1,0,0,0,1,0,0,1,0,0,0,0,0,0,0,1,0,0,0,102990.0
8,256,0,64,0,0,0,15.6,0,1,0,0,0,0,0,0,0,0,0,1,0,1,0,0,0,0,0,1,0,0,0,33690.0
8,256,1024,64,0,0,1,14.0,0,0,1,0,0,0,0,0,1,0,0,1,0,1,0,0,0,0,0,1,0,0,0,42990.0
8,256,1024,64,0,0,0,14.0,0,0,0,0,0,0,0,0,1,0,0,1,0,0,0,0,0,0,0,1,0,0,0,40990.0
8,256,1024,64,0,0,0,15.6,0,1,0,0,0,0,0,0,1,0,0,1,0,0,0,0,0,0,0,1,0,0,0,64990.0
8,256,0,64,0,1,0,14.0,0,0,1,0,0,0,0,0,1,0,0,1,0,0,0,0,0,0,0,0,1,0,0,49990.0
8,512,0,64,0,0,1,14.0,0,0,0,0,0,0,1,0,1,0,0,1,0,0,0,0,0,0,0,0,1,0,0,60999.0
8,0,1024,64,0,0,1,15.6,0,0,0,1,0,0,0,0,0,0,0,1,0,1,0,0,0,0,0,0,1,0,0,39490.0
8,512,0,64,2,0,0,15.6,0,1,0,0,0,0,0,0,1,0,0,1,0,1,0,0,0,0,0,0,1,0,0,49990.0
8,256,1024,64,2,0,1,15.6,0,0,0,0,1,0,0,0,1,0,0,1,0,0,0,0,0,0,0,0,1,0,0,59990.0
8,512,0,64,0,0,1,15.6,0,0,0,1,0,0,0,0,0,0,0,1,0,1,0,0,0,0,0,0,1,0,0,41490.0
8,1024,0,64,0,0,0,13.3,1,0,0,0,0,0,0,1,0,0,0,0,0,0,0,0,0,0,0,0,1,0,0,149990.0
8,1024,0,64,0,0,0,13.3,1,0,0,0,0,0,0,1,0,0,0,0,0,0,0,0,0,0,0,0,1,0,0,169990.0
8,256,0,64,0,0,1,15.6,0,0,1,0,0,0,0,0,0,0,0,1,0,0,0,0,0,0,0,0,1,0,0,41990.0
8,1024,0,64,8,0,0,15.6,0,0,0,0,0,0,0,0,1,0,0,1,0,0,0,0,0,0,0,0,1,0,0,169990.0
8,256,1024,64,2,0,1,15.6,0,1,0,0,0,0,0,0,1,0,0,1,0,0,0,0,0,0,0,0,1,0,0,60190.0
8,512,0,64,0,0,0,14.0,0,0,0,0,0,1,0,0,1,0,0,1,0,1,0,0,0,0,0,0,1,0,0,40990.0
8,512,0,64,0,0,0,14.0,0,0,0,0,0,1,0,0,1,0,0,1,0,1,0,0,0,0,0,0,1,0,0,55490.0
8,256,0,64,0,0,1,14.0,0,0,1,0,0,0,0,0,0,0,0,1,0,1,0,0,0,0,0,0,1,0,0,44490.0
8,512,0,64,0,1,0,13.3,0,0,0,1,0,0,0,0,1,0,0,1,0,0,0,0,0,0,0,0,1,0,0,97990.0
8,512,0,64,0,0,1,14.1,0,1,0,0,0,0,0,0,1,0,0,1,0,1,0,0,0,0,0,0,1,0,0,41990.0
8,512,0,64,0,1,0,14.0,0,0,0,0,1,0,0,0,1,0,0,1,0,1,0,0,0,0,0,0,1,0,0,54990.0
8,0,1024,64,0,0,0,14.0,0,0,1,0,0,0,0,0,1,0,0,1,0,1,0,0,0,0,0,0,1,0,0,42190.0
8,1024,0,64,6,0,0,15.6,0,0,0,0,0,0,0,0,1,0,0,1,0,0,0,0,0,0,0,0,1,0,0,139990.0
8,1024,0,64,8,0,1,15.6,0,1,0,0,0,0,0,0,0,0,0,1,0,0,0,0,0,0,0,0,1,0,0,199990.0
8,0,1024,64,0,0,1,14.0,0,0,1,0,0,0,0,0,1,0,0,1,0,1,0,0,0,0,0,0,1,0,0,39490.0
8,512,0,64,0,0,0,15.0,0,0,0,0,1,0,0,0,0,0,0,1,0,0,0,0,0,0,0,0,1,0,0,19590.0
8,512,0,32,0,0,0,15.0,0,1,0,0,0,0,0,0,0,0,0,1,0,0,0,0,0,0,0,0,1,0,0,19990.0
8,512,0,64,0,0,0,13.3,1,0,0,0,0,0,0,1,0,0,0,0,0,0,0,0,0,0,0,0,1,0,0,128990.0
8,512,0,64,0,0,1,14.0,0,1,0,0,0,0,0,0,1,0,0,1,0,0,0,0,0,0,0,0,1,0,0,44990.0
8,512,0,64,0,0,0,15.6,0,0,0,1,0,0,0,0,1,0,0,1,0,0,0,0,0,0,0,0,1,0,0,41250.0
8,256,0,64,0,0,1,14.0,0,0,0,1,0,0,0,0,1,0,0,1,0,1,0,0,0,0,0,0,1,0,0,32990.0
8,1024,0,64,0,0,0,14.2,1,0,0,0,0,0,0,1,0,0,0,0,0,0,0,0,0,0,0,0,1,0,0,225990.0
8,512,0,64,0,0,0,14.0,0,0,0,1,0,0,0,0,1,0,0,1,0,1,0,0,0,0,0,0,1,0,0,44990.0
8,512,0,64,0,0,0,14.2,1,0,0,0,0,0,0,1,0,0,0,0,0,0,0,0,0,0,0,0,1,0,0,184990.0
8,512,0,64,4,0,1,15.6,0,1,0,0,0,0,0,0,1,0,0,1,1,0,0,0,0,0,0,0,1,0,0,54990.0
8,1024,0,64,0,0,0,16.2,1,0,0,0,0,0,0,1,0,0,0,0,0,0,0,0,0,0,0,0,1,0,0,243990.0
8,512,0,64,0,0,0,16.2,1,0,0,0,0,0,0,1,0,0,0,0,0,0,0,0,0,0,0,0,1,0,0,225990.0
8,512,0,64,0,0,1,15.0,0,0,0,0,1,0,0,0,1,0,0,1,0,1,0,0,0,0,0,0,1,0,0,59990.0
8,256,0,64,0,0,1,14.0,0,0,1,0,0,0,0,0,1,0,0,1,0,1,0,0,0,0,0,0,1,0,0,41490.0
8,256,0,64,0,0,0,14.96,0,0,1,0,0,0,0,0,1,0,0,1,0,1,0,0,0,0,0,0,1,0,0,41990.0
8,512,0,64,0,0,0,14.0,0,1,0,0,0,0,0,0,1,0,0,1,0,0,0,0,0,0,0,0,1,0,0,42990.0
8,256,1024,64,4,0,0,15.6,0,1,0,0,0,0,0,0,1,0,0,1,1,0,0,0,0,0,0,0,1,0,0,54490.0
8,1024,0,64,0,0,0,16.2,1,0,0,0,0,0,0,1,0,0,0,0,0,0,0,0,0,0,0,0,1,0,0,309990.0
8,256,1024,64,4,0,1,15.6,0,0,0,0,1,0,0,0,1,0,0,1,0,0,0,0,0,0,0,0,1,0,0,60990.0
8,512,0,64,0,0,1,15.6,0,0,0,0,1,0,0,0,1,0,0,1,0,1,0,0,0,0,0,0,1,0,0,53990.0
8,512,0,64,0,0,1,14.0,0,0,0,1,0,0,0,0,1,0,0,1,0,1,0,0,0,0,0,0,1,0,0,66999.0
8,256,1024,64,0,0,1,15.6,0,0,0,0,1,0,0,0,0,0,0,1,1,0,0,0,0,0,0,0,1,0,0,63990.0
8,512,0,64,8,0,0,14.0,0,0,0,0,0,0,1,0,1,0,0,1,0,0,0,0,0,0,0,0,1,0,0,54990.0
8,512,0,64,0,1,0,14.0,0,0,1,0,0,0,0,0,1,0,0,1,0,0,0,0,0,0,0,0,1,0,0,60790.0
8,512,0,64,4,0,0,15.6,0,1,0,0,0,0,0,0,0,0,0,1,0,0,0,0,0,0,0,0,1,0,0,71990.0
8,256,1024,64,0,0,0,15.6,0,0,1,0,0,0,0,0,1,0,0,1,0,1,0,0,0,0,0,0,1,0,0,48990.0
8,1024,0,64,4,0,0,15.6,0,1,0,0,0,0,0,0,0,0,0,1,0,0,0,0,0,0,0,0,1,0,0,114990.0
8,512,0,64,4,0,1,15.6,0,0,0,0,1,0,0,0,0,0,0,1,0,0,0,0,0,0,0,0,1,0,0,99990.0
8,512,0,64,0,0,0,14.0,0,1,0,0,0,0,0,0,0,0,0,1,0,0,0,0,0,0,0,0,1,0,0,58990.0
8,512,0,32,0,0,0,15.0,0,1,0,0,0,0,0,0,1,0,0,1,0,0,0,0,0,0,0,0,1,0,0,24990.0
8,512,0,64,0,0,0,14.0,0,0,0,0,1,0,0,0,0,0,0,1,0,1,0,0,0,0,0,0,1,0,0,57490.0
8,512,0,64,0,0,1,14.0,0,0,0,0,0,0,0,0,1,0,0,1,0,1,0,0,0,0,0,0,1,0,0,60990.0
8,256,1024,64,0,0,1,14.9,0,0,1,0,0,0,0,0,1,0,0,1,0,1,0,0,0,0,0,0,1,0,0,55790.0
8,0,1024,64,0,0,0,14.0,0,0,0,0,0,0,0,0,1,0,0,1,0,1,0,0,0,0,0,0,1,0,0,46990.0
8,512,0,64,0,0,0,14.0,0,1,0,0,0,0,0,0,0,0,0,1,0,0,0,0,0,0,0,0,1,0,0,79990.0
8,256,1024,64,0,0,1,15.6,0,1,0,0,0,0,0,0,1,0,0,1,0,0,0,0,0,0,0,0,1,0,0,64990.0
8,512,0,64,0,0,0,15.6,0,0,0,1,0,0,0,0,1,0,0,1,0,0,0,0,0,0,0,0,1,0,0,45650.0
8,256,0,64,0,0,1,14.0,0,0,0,0,1,0,0,0,1,0,0,1,0,1,0,0,0,0,0,0,1,0,0,41990.0
8,0,1024,64,0,0,1,15.6,0,0,0,1,0,0,0,0,1,0,0,1,0,1,0,0,0,0,0,0,1,0,0,43690.0
8,1024,0,64,4,0,1,17.3,0,1,0,0,0,0,0,0,1,0,0,1,1,0,0,0,0,0,0,0,1,0,0,77990.0
8,512,0,32,0,0,0,15.0,0,1,0,0,0,0,0,0,1,0,0,1,0,0,0,0,0,0,0,0,1,0,0,21490.0
8,256,1024,64,0,0,0,17.3,0,1,0,0,0,0,0,0,1,0,0,1,0,1,0,0,0,0,0,0,1,0,0,58990.0
8,1024,0,64,6,0,1,15.6,0,1,0,0,0,0,0,0,0,0,0,1,0,0,0,0,0,0,0,0,1,0,0,129990.0
8,512,0,64,0,0,1,15.6,0,1,0,0,0,0,0,0,1,0,0,1,0,1,0,0,0,0,0,0,1,0,0,47990.0
8,256,0,64,0,0,0,13.3,1,0,0,0,0,0,0,1,0,0,0,0,0,0,0,0,0,0,0,0,1,0,0,85990.0
8,512,0,64,4,0,0,15.6,0,0,1,0,0,0,0,0,0,0,0,1,0,0,0,0,0,0,0,0,1,0,0,93990.0
8,512,0,64,0,0,1,15.6,0,0,0,1,0,0,0,0,0,0,0,1,0,1,0,0,0,0,0,0,1,0,0,57999.0
8,512,0,32,0,0,1,14.0,0,0,0,1,0,0,0,0,1,0,0,1,0,1,0,0,0,0,0,0,1,0,0,59999.0
8,256,1024,64,4,0,0,15.6,0,1,0,0,0,0,0,0,1,0,0,1,1,0,0,0,0,0,0,0,1,0,0,66990.0
8,512,0,64,0,0,1,14.0,0,1,0,0,0,0,0,0,1,0,0,1,0,0,0,0,0,0,0,0,1,0,0,77990.0
8,512,0,64,4,0,0,15.6,0,0,1,0,0,0,0,0,1,0,0,1,0,0,0,0,0,0,0,0,1,0,0,79990.0
8,512,0,64,0,0,0,15.6,0,1,0,0,0,0,0,0,0,0,0,1,0,0,0,0,0,0,0,0,1,0,0,56990.0
8,512,0,64,4,0,0,15.6,0,0,0,0,1,0,0,0,1,0,0,1,1,0,0,0,0,0,0,0,1,0,0,79990.0
8,512,0,64,0,0,1,14.0,0,0,1,0,0,0,0,0,1,0,0,1,0,1,0,0,0,0,0,0,1,0,0,41990.0
8,512,0,64,4,0,1,15.6,0,0,0,1,0,0,0,0,0,0,0,1,0,0,0,0,0,0,0,0,1,0,0,72990.0
8,512,0,64,4,0,0,15.6,0,1,0,0,0,0,0,0,1,0,0,1,1,0,0,0,0,0,0,0,1,0,0,63990.0
8,512,0,64,0,0,1,15.6,0,0,0,1,0,0,0,0,1,0,0,1,0,1,0,0,0,0,0,0,1,0,0,63990.0
8,256,0,64,0,0,0,14.0,0,0,0,0,0,0,1,0,1,0,0,1,0,1,0,0,0,0,0,0,1,0,0,32990.0
8,512,0,32,0,0,0,15.0,0,1,0,0,0,0,0,0,1,0,0,1,0,0,0,0,0,0,0,0,1,0,0,23990.0
8,1024,0,64,4,0,0,15.6,0,1,0,0,0,0,0,0,1,0,0,1,0,0,0,0,0,0,0,0,1,0,0,77990.0
8,512,0,64,0,0,1,13.3,0,0,0,1,0,0,0,0,0,0,0,1,0,0,0,0,0,0,0,0,1,0,0,65990.0
8,512,0,64,0,0,0,14.0,0,1,0,0,0,0,0,0,1,0,0,1,0,0,0,0,0,0,0,0,1,0,0,59990.0
8,512,0,64,0,0,0,15.6,0,0,1,0,0,0,0,0,1,0,0,1,0,1,0,0,0,0,0,0,1,0,0,45490.0
8,512,0,64,0,0,0,14.0,0,0,0,0,1,0,0,0,1,0,0,1,0,1,0,0,0,0,0,0,1,0,0,55990.0
8,512,0,64,0,0,1,14.1,0,1,0,0,0,0,0,0,1,0,0,1,0,1,0,0,0,0,0,0,1,0,0,44990.0
8,512,0,64,4,0,0,17.3,0,1,0,0,0,0,0,0,0,0,0,1,1,0,0,0,0,0,0,0,1,0,0,82990.0
8,1024,0,64,4,1,1,13.4,0,1,0,0,0,0,0,0,0,0,0,1,0,0,0,0,0,0,0,0,1,0,0,114990.0
8,0,1024,64,0,0,0,15.6,0,1,0,0,0,0,0,0,1,0,0,1,0,0,0,0,0,0,0,0,1,0,0,35990.0
8,512,0,64,0,1,1,13.3,0,0,0,1,0,0,0,0,0,0,0,1,0,0,0,0,0,0,0,0,1,0,0,98020.0
8,512,0,64,2,0,1,14.0,0,0,1,0,0,0,0,0,1,0,0,1,0,0,0,0,0,0,0,0,1,0,0,69490.0
8,256,0,64,0,0,0,15.6,0,1,0,0,0,0,0,0,1,0,0,1,0,0,0,0,0,0,0,0,1,0,0,38490.0
8,512,0,32,0,0,0,15.0,0,0,0,0,0,0,0,0,1,0,0,1,0,0,0,0,0,0,0,0,1,0,0,99990.0
8,512,0,64,0,0,0,15.0,0,1,0,0,0,0,0,0,1,0,0,1,0,0,0,0,0,0,0,0,1,0,0,22990.0
8,1024,0,64,0,0,0,13.0,1,0,0,0,0,0,0,0,1,0,0,0,0,0,0,0,0,0,0,0,1,0,0,179990.0
8,512,0,32,0,0,0,15.0,0,0,0,1,0,0,0,0,0,1,0,1,0,0,0,0,0,0,0,0,1,0,0,22990.0
8,512,0,64,0,1,1,14.0,0,0,1,0,0,0,0,0,1,0,0,1,0,0,0,0,0,0,0,0,1,0,0,89390.0
8,512,0,64,0,0,0,13.3,0,1,0,0,0,0,0,0,1,0,0,1,0,1,0,0,0,0,0,0,1,0,0,74990.0
8,256,1024,64,0,0,1,14.0,0,0,1,0,0,0,0,0,1,0,0,1,0,1,0,0,0,0,0,0,1,0,0,54990.0
8,512,0,32,6,0,0,15.0,0,0,0,0,0,0,0,0,0,0,0,1,0,0,0,0,0,0,0,0,1,0,0,93700.0
8,0,1024,32,0,0,0,15.6,0,0,1,0,0,0,0,0,1,0,0,1,0,0,0,0,0,0,0,0,1,0,0,43800.0
8,512,0,64,4,0,1,15.6,0,0,0,1,0,0,0,0,1,0,0,1,0,0,0,0,0,0,0,0,1,0,0,93190.0
8,256,0,64,0,0,1,15.0,0,0,0,0,1,0,0,0,1,0,0,1,0,1,0,0,0,0,0,0,1,0,0,38990.0
8,512,0,64,0,0,0,15.6,0,0,0,0,0,0,0,0,0,0,0,1,0,0,0,0,0,0,0,0,1,0,0,34990.0
8,512,0,64,0,1,1,14.0,0,0,0,0,1,0,0,0,1,0,0,1,0,0,0,0,0,0,0,0,1,0,0,64990.0
8,512,0,64,4,0,1,15.6,0,0,0,0,1,0,0,0,1,0,0,1,0,0,0,0,0,0,0,0,1,0,0,66490.0
8,256,0,64,0,0,0,15.6,0,0,1,0,0,0,0,0,0,0,0,1,0,1,0,0,0,0,0,0,1,0,0,40590.0
8,256,1024,64,4,0,1,15.6,0,0,0,1,0,0,0,0,1,0,0,1,1,0,0,0,0,0,0,0,1,0,0,71990.0
8,1024,0,64,0,1,1,13.3,0,0,0,1,0,0,0,0,0,0,0,1,0,1,0,0,0,0,0,0,1,0,0,92990.0
8,0,1024,64,0,0,1,14.0,0,0,1,0,0,0,0,0,1,0,0,1,0,1,0,0,0,0,0,0,1,0,0,48990.0
8,512,0,64,2,0,1,15.6,0,0,1,0,0,0,0,0,1,0,0,1,0,0,0,0,0,0,0,0,1,0,0,89702.0
8,256,0,64,0,0,1,15.6,0,0,0,0,1,0,0,0,1,0,0,1,0,0,0,0,0,0,0,0,1,0,0,44990.0
8,512,0,64,0,0,1,13.3,0,1,0,0,0,0,0,0,1,0,0,1,0,0,0,0,0,0,0,0,1,0,0,94990.0
8,512,0,64,0,1,1,14.0,0,0,0,0,1,0,0,0,1,0,0,1,0,0,0,0,0,0,0,0,1,0,0,84990.0
8,512,0,64,2,0,1,14.0,0,0,0,1,0,0,0,0,0,0,0,1,0,0,0,0,0,0,0,0,1,0,0,63990.0
8,512,0,64,2,0,1,15.6,0,0,0,0,1,0,0,0,1,0,0,1,0,0,0,0,0,0,0,0,1,0,0,70990.0
8,256,0,64,0,0,0,14.0,0,0,0,0,1,0,0,0,1,0,0,1,0,1,0,0,0,0,0,0,1,0,0,36490.0
8,0,1024,64,0,0,0,15.6,0,1,0,0,0,0,0,0,1,0,0,1,0,0,0,0,0,0,0,0,1,0,0,25990.0
8,256,0,64,0,0,0,14.0,0,0,0,1,0,0,0,0,1,0,0,1,0,0,0,0,0,0,0,0,1,0,0,65390.0
8,512,0,64,0,0,0,14.0,0,0,0,0,0,0,1,0,1,0,0,1,0,1,0,0,0,0,0,0,1,0,0,42490.0
8,1024,0,64,6,0,1,15.6,0,0,0,1,0,0,0,0,1,0,0,1,0,0,0,0,0,0,0,0,1,0,0,144690.0
8,0,1024,32,0,0,0,15.6,0,0,0,0,1,0,0,0,1,0,0,1,0,0,0,0,0,0,0,0,1,0,0,38990.0
8,256,1024,64,2,0,0,15.6,0,0,1,0,0,0,0,0,1,0,0,1,0,0,0,0,0,0,0,0,1,0,0,69900.0
8,512,0,64,0,0,1,15.6,0,0,0,0,1,0,0,0,1,0,0,1,0,1,0,0,0,0,0,0,1,0,0,42990.0
8,256,1024,64,2,0,1,15.6,0,0,0,0,1,0,0,0,1,0,0,1,0,0,0,0,0,0,0,0,1,0,0,65990.0
8,0,1024,64,0,0,0,15.6,0,1,0,0,0,0,0,0,1,0,0,1,0,1,0,0,0,0,0,0,1,0,0,34990.0
8,512,0,32,0,0,1,15.6,0,1,0,0,0,0,0,0,0,0,0,1,0,1,0,0,0,0,0,0,1,0,0,49890.0
8,512,0,32,6,0,0,15.0,0,0,0,0,0,1,0,0,1,0,0,1,0,0,0,0,0,0,0,0,1,0,0,291190.0
8,512,0,64,0,1,1,17.3,0,1,0,0,0,0,0,0,1,0,0,1,0,0,0,0,0,0,0,0,1,0,0,58990.0
8,256,0,32,0,0,0,15.6,0,0,0,0,1,0,0,0,1,0,0,1,0,0,0,0,0,0,0,0,1,0,0,38970.0
8,512,0,64,2,0,1,15.6,0,0,0,0,1,0,0,0,1,0,0,1,0,0,0,0,0,0,0,0,1,0,0,57500.0
8,0,1024,64,0,0,0,15.6,0,1,0,0,0,0,0,0,1,0,0,1,0,0,0,0,0,0,0,0,1,0,0,38900.0
8,512,0,64,0,0,1,15.6,0,0,1,0,0,0,0,0,0,0,0,1,0,1,0,0,0,0,0,0,1,0,0,49990.0
8,1024,0,64,0,0,0,13.3,0,1,0,0,0,0,0,0,1,0,0,1,0,1,0,0,0,0,0,0,1,0,0,99990.0
8,512,0,64,2,1,1,14.0,0,0,1,0,0,0,0,0,1,0,0,1,0,0,0,0,0,0,0,0,1,0,0,79990.0
8,512,0,64,0,0,1,14.0,0,0,1,0,0,0,0,0,0,0,0,1,0,1,0,0,0,0,0,0,1,0,0,59490.0
8,0,1024,64,0,0,0,15.6,0,1,0,0,0,0,0,0,1,0,0,1,0,0,0,0,0,0,0,0,1,0,0,30780.0
8,1024,0,64,0,0,1,13.3,0,0,0,1,0,0,0,0,0,0,0,1,0,1,0,0,0,0,0,0,1,0,0,84190.0
8,512,0,64,0,0,0,14.0,0,0,0,0,0,1,0,0,1,0,0,1,0,0,0,0,0,0,0,0,1,0,0,56541.0
8,512,0,64,0,0,0,17.3,0,1,0,0,0,0,0,0,1,0,0,1,0,1,0,0,0,0,0,0,1,0,0,59990.0
8,0,1024,64,0,0,0,15.6,0,0,1,0,0,0,0,0,0,0,0,1,0,1,0,0,0,0,0,0,1,0,0,37390.0
8,512,0,64,0,0,0,14.0,0,0,0,0,0,1,0,0,1,0,0,1,0,1,0,0,0,0,0,0,1,0,0,57990.0
8,512,0,64,0,0,1,13.0,0,0,0,0,1,0,0,0,1,0,0,1,0,0,0,0,0,0,0,0,1,0,0,64990.0
8,1024,0,64,0,1,0,14.0,0,1,0,0,0,0,0,0,0,0,0,1,0,0,0,0,0,0,0,0,1,0,0,112990.0
8,512,0,64,0,1,1,13.3,0,0,0,1,0,0,0,0,0,0,0,1,0,0,0,0,0,0,0,0,1,0,0,73999.0
8,512,0,64,0,0,0,14.0,0,0,1,0,0,0,0,0,1,0,0,1,0,1,0,0,0,0,0,0,1,0,0,61290.0
8,512,0,32,0,0,0,15.0,0,1,0,0,0,0,0,0,1,0,0,1,0,0,0,0,0,0,0,0,1,0,0,20490.0
8,512,0,64,0,1,1,13.3,0,0,0,1,0,0,0,0,1,0,0,1,0,0,0,0,0,0,0,0,1,0,0,102990.0
8,512,0,64,0,0,1,14.0,0,0,0,0,1,0,0,0,1,0,0,1,0,1,0,0,0,0,0,0,1,0,0,54990.0
8,512,0,32,6,0,0,15.0,0,0,0,0,0,0,1,0,1,0,0,1,0,0,0,0,0,0,0,0,1,0,0,199990.0
8,0,1024,64,0,0,0,15.6,0,0,1,0,0,0,0,0,1,0,0,1,0,1,0,0,0,0,0,0,1,0,0,39990.0
8,512,0,64,0,0,1,13.0,0,0,0,0,1,0,0,0,1,0,0,1,0,0,0,0,0,0,0,0,1,0,0,59990.0
8,1024,0,64,0,0,0,15.6,0,0,0,0,0,1,0,0,0,0,0,1,0,0,0,0,0,0,0,0,1,0,0,146990.0
8,512,0,32,6,0,0,15.6,0,1,0,0,0,0,0,0,1,0,0,1,0,0,0,0,0,0,0,0,1,0,0,84990.0
8,256,1024,64,0,0,0,14.0,0,1,0,0,0,0,0,0,1,0,0,1,0,0,0,0,0,0,0,0,1,0,0,49990.0
8,512,0,64,0,0,1,15.6,0,0,0,1,0,0,0,0,1,0,0,1,0,1,0,0,0,0,0,0,1,0,0,45490.0
8,256,0,64,0,0,0,14.0,0,0,0,0,1,0,0,0,1,0,0,1,0,1,0,0,0,0,0,0,1,0,0,31799.0
8,512,0,64,0,0,1,14.0,0,0,0,1,0,0,0,0,1,0,0,1,0,1,0,0,0,0,0,0,1,0,0,72500.0
8,512,0,64,4,0,0,15.6,0,0,0,0,1,0,0,0,1,0,0,1,1,0,0,0,0,0,0,0,1,0,0,59990.0
8,0,1024,64,0,0,0,15.6,0,0,0,0,1,0,0,0,0,0,0,1,0,1,0,0,0,0,0,0,1,0,0,24990.0
8,512,0,64,0,0,1,15.6,0,0,1,0,0,0,0,0,0,0,0,1,0,1,0,0,0,0,0,0,1,0,0,60990.0
8,256,0,64,0,0,1,15.6,0,0,0,1,0,0,0,0,1,0,0,1,0,1,0,0,0,0,0,0,1,0,0,44900.0
8,512,0,64,4,0,0,15.6,0,0,1,0,0,0,0,0,1,0,0,1,0,0,0,0,0,0,0,0,1,0,0,99990.0
8,256,0,64,0,0,0,14.1,0,1,0,0,0,0,0,0,0,0,0,1,0,0,0,0,0,0,0,0,1,0,0,37990.0
8,256,0,64,0,0,1,14.1,0,1,0,0,0,0,0,0,1,0,0,1,0,1,0,0,0,0,0,0,1,0,0,33990.0
8,512,0,64,6,0,0,14.96,0,0,1,0,0,0,0,0,0,0,0,1,0,0,0,0,0,0,0,0,1,0,0,76190.0
8,512,0,64,0,1,1,14.0,0,0,0,0,1,0,0,0,1,0,0,1,0,0,0,0,0,0,0,0,1,0,0,87990.0
8,0,1024,32,0,0,0,14.96,0,0,1,0,0,0,0,0,1,0,0,1,0,0,0,0,0,0,0,0,1,0,0,40890.0
8,256,1024,64,0,0,1,14.0,0,0,1,0,0,0,0,0,1,0,0,1,0,1,0,0,0,0,0,0,1,0,0,43590.0
8,512,0,32,4,0,0,15.0,0,0,0,0,0,1,0,0,1,0,0,1,0,0,0,0,0,0,0,0,1,0,0,109590.0
8,512,0,64,4,0,0,15.6,0,1,0,0,0,0,0,0,0,0,0,1,0,0,0,0,0,0,0,0,1,0,0,106990.0
8,512,0,64,0,0,0,14.0,0,0,0,1,0,0,0,0,1,0,0,1,0,1,0,0,0,0,0,0,1,0,0,57990.0
8,512,0,64,4,0,0,17.3,0,1,0,0,0,0,0,0,1,0,0,1,1,0,0,0,0,0,0,0,1,0,0,94990.0
8,512,0,64,0,0,1,15.3,0,0,1,0,0,0,0,0,1,0,0,1,0,1,0,0,0,0,0,0,1,0,0,69490.0
8,512,0,64,0,1,1,14.0,0,0,0,0,1,0,0,0,1,0,0,1,0,0,0,0,0,0,0,0,1,0,0,68990.0
8,512,0,32,0,0,1,15.6,0,0,0,0,1,0,0,0,1,0,0,1,0,0,0,0,0,0,0,0,1,0,0,77990.0
8,512,0,32,8,0,0,15.0,0,0,1,0,0,0,0,0,1,0,0,1,0,0,0,0,0,0,0,0,1,0,0,179990.0
8,1024,0,64,6,0,0,15.6,0,0,0,0,0,1,0,0,1,0,0,1,0,0,0,0,0,0,0,0,1,0,0,119990.0
8,512,0,32,0,0,0,14.1,0,0,0,1,0,0,0,0,1,0,0,1,0,0,0,0,0,0,0,0,1,0,0,38799.0
8,1024,0,32,4,0,0,16.0,0,1,0,0,0,0,0,0,1,0,0,1,0,0,0,0,0,0,0,0,1,0,0,194990.0
8,512,0,64,0,1,1,13.3,0,0,0,1,0,0,0,0,1,0,0,1,0,0,0,0,0,0,0,0,1,0,0,104000.0
8,512,0,32,8,0,0,15.0,0,0,0,0,0,0,1,0,1,0,0,1,0,0,0,0,0,0,0,0,1,0,0,345390.0
8,512,0,64,2,0,0,14.0,0,0,0,0,0,1,0,0,1,0,0,1,0,0,0,0,0,0,0,0,1,0,0,76990.0
8,256,0,64,0,0,0,14.0,0,0,0,0,0,1,0,0,0,0,0,1,0,0,0,0,0,0,0,0,1,0,0,49990.0
8,256,0,64,0,0,0,14.0,0,0,0,0,0,1,0,0,1,0,0,1,0,1,0,0,0,0,0,0,1,0,0,38990.0
8,256,1024,64,0,0,1,14.0,0,0,1,0,0,0,0,0,1,0,0,1,0,1,0,0,0,0,0,0,1,0,0,58990.0
8,512,0,64,0,1,1,13.3,0,0,0,0,1,0,0,0,0,0,0,1,0,1,0,0,0,0,0,0,1,0,0,74798.0
8,1024,0,32,4,0,0,15.6,0,1,0,0,0,0,0,0,0,0,0,1,0,0,0,0,0,0,0,0,1,0,0,114990.0
8,1024,0,64,6,0,0,16.0,0,0,0,0,0,1,0,0,1,0,0,1,0,0,0,0,0,0,0,0,1,0,0,192990.0
8,512,0,32,0,0,0,15.0,0,0,0,0,0,0,1,0,0,0,1,1,0,0,0,0,0,0,0,0,1,0,0,38990.0
8,512,0,64,0,1,0,14.0,0,1,0,0,0,0,0,0,1,0,0,1,0,0,0,0,0,0,0,0,1,0,0,105990.0
8,512,0,64,0,0,0,14.0,0,0,0,0,0,1,0,0,1,0,0,1,0,0,0,0,0,0,0,0,1,0,0,79990.0
8,0,1024,64,0,0,0,15.6,0,0,0,0,1,0,0,0,1,0,0,1,0,1,0,0,0,0,0,0,1,0,0,36990.0
8,512,0,64,0,0,1,14.0,0,0,1,0,0,0,0,0,1,0,0,1,0,1,0,0,0,0,0,0,1,0,0,55490.0
8,512,0,64,0,0,0,14.0,0,1,0,0,0,0,0,0,0,0,0,1,0,0,0,0,0,0,0,0,1,0,0,92990.0
8,512,0,64,0,0,1,14.0,0,0,0,0,1,0,0,0,1,0,0,1,0,1,0,0,0,0,0,0,1,0,0,69990.0
8,512,0,32,4,0,0,16.1,0,0,0,1,0,0,0,0,0,0,0,1,0,0,0,0,0,0,0,0,1,0,0,68100.0
8,512,0,64,0,1,1,13.3,0,1,0,0,0,0,0,0,1,0,0,1,0,0,0,0,0,0,0,0,1,0,0,84990.0
8,512,0,64,0,0,0,15.6,0,0,1,0,0,0,0,0,1,0,0,1,0,1,0,0,0,0,0,0,1,0,0,59990.0
8,0,1024,64,0,0,1,15.6,0,0,0,1,0,0,0,0,1,0,0,1,0,1,0,0,0,0,0,0,1,0,0,39990.0
8,256,0,64,0,0,0,15.6,0,0,1,0,0,0,0,0,0,0,0,1,0,1,0,0,0,0,0,0,1,0,0,44390.0
8,1024,0,64,2,0,1,14.0,0,1,0,0,0,0,0,0,1,0,0,1,0,0,0,0,0,0,0,0,1,0,0,124990.0
8,512,0,64,0,1,1,13.3,0,0,0,0,1,0,0,0,0,0,0,1,0,1,0,0,0,0,0,0,1,0,0,77990.0
8,512,0,64,0,0,1,13.3,0,0,1,0,0,0,0,0,1,0,0,1,0,1,0,0,0,0,0,0,1,0,0,111890.0
8,1024,0,64,2,0,0,15.6,0,0,1,0,0,0,0,0,1,0,0,1,0,0,0,0,0,0,0,0,1,0,0,122410.0
8,512,0,64,2,0,0,15.6,0,0,1,0,0,0,0,0,1,0,0,1,0,0,0,0,0,0,0,0,1,0,0,65990.0
8,512,0,32,0,0,1,14.0,0,1,0,0,0,0,0,0,1,0,0,1,0,0,0,0,0,0,0,0,1,0,0,72990.0
8,512,0,64,0,1,1,14.0,0,0,0,1,0,0,0,0,1,0,0,1,0,0,0,0,0,0,0,0,1,0,0,69267.0
8,256,1024,64,0,0,0,15.6,0,0,1,0,0,0,0,0,1,0,0,1,0,0,0,0,0,0,0,0,1,0,0,44690.0
8,512,0,64,0,0,1,14.0,0,0,1,0,0,0,0,0,1,0,0,1,0,1,0,0,0,0,0,0,1,0,0,71090.0
8,1024,0,64,0,1,0,13.3,0,0,0,1,0,0,0,0,1,0,0,1,0,0,0,0,0,0,0,0,1,0,0,179990.0
8,512,0,32,4,0,1,16.0,0,0,0,0,1,0,0,0,1,0,0,1,0,0,0,0,0,0,0,0,1,0,0,81490.0
8,512,0,64,4,0,0,15.6,0,0,0,0,0,1,0,0,1,0,0,1,0,0,0,0,0,0,0,0,1,0,0,74990.0
8,512,0,64,0,0,1,15.6,0,0,0,1,0,0,0,0,0,0,0,1,0,1,0,0,0,0,0,0,1,0,0,44490.0
8,256,0,64,0,0,0,14.0,0,0,1,0,0,0,0,0,1,0,0,1,0,1,0,0,0,0,0,0,1,0,0,44427.0
8,1024,0,64,4,0,0,14.0,0,0,0,0,0,0,0,0,0,0,0,1,0,0,0,0,0,0,0,0,1,0,0,99990.0
8,1024,0,64,4,1,0,15.6,0,0,0,0,0,1,0,0,1,0,0,1,0,0,0,0,0,0,0,0,1,0,0,154990.0
8,1024,0,32,0,0,0,15.6,0,0,1,0,0,0,0,0,0,0,0,1,0,0,0,0,0,0,0,0,1,0,0,57900.0
8,512,0,64,0,0,1,13.3,0,1,0,0,0,0,0,0,1,0,0,1,0,0,0,0,0,0,0,0,1,0,0,79990.0
8,1024,0,32,4,0,0,15.6,0,1,0,0,0,0,0,0,0,0,0,1,1,0,0,0,0,0,0,0,1,0,0,95990.0
8,256,1024,64,4,0,0,15.6,0,0,0,0,1,0,0,0,1,0,0,1,1,0,0,0,0,0,0,0,1,0,0,74590.0
8,512,0,64,0,0,0,14.0,0,0,0,0,0,1,0,0,1,0,0,1,0,0,0,0,0,0,0,0,1,0,0,55490.0
8,256,0,64,0,0,0,14.0,0,1,0,0,0,0,0,0,1,0,0,1,0,0,0,0,0,0,0,0,1,0,0,35990.0
8,0,1024,64,2,0,1,15.6,0,0,0,0,0,0,0,0,1,0,0,1,0,0,0,0,0,0,0,0,1,0,0,59999.0
8,1024,0,64,0,0,1,13.3,0,0,0,0,1,0,0,0,1,0,0,1,0,0,0,0,0,0,0,0,1,0,0,122990.0
8,512,0,64,2,0,1,14.0,0,0,1,0,0,0,0,0,1,0,0,1,0,1,0,0,0,0,0,0,1,0,0,66490.0
8,512,0,64,0,0,1,15.6,0,1,0,0,0,0,0,0,1,0,0,1,0,0,0,0,0,0,0,0,1,0,0,53400.0
8,512,0,64,0,0,1,14.0,0,0,0,1,0,0,0,0,0,0,0,1,0,1,0,0,0,0,0,0,1,0,0,55090.0
8,2048,0,64,8,0,0,15.6,0,0,0,0,0,0,0,0,1,0,0,1,0,0,0,0,0,0,0,0,1,0,0,159990.0
8,512,0,64,0,1,0,14.0,0,1,0,0,0,0,0,0,0,0,0,1,0,0,0,0,0,0,0,0,1,0,0,91990.0
8,512,0,64,4,0,1,15.6,0,0,0,1,0,0,0,0,1,0,0,1,1,0,0,0,0,0,0,0,1,0,0,90190.0
8,512,0,64,0,0,1,15.6,0,1,0,0,0,0,0,0,1,0,0,1,0,0,0,0,0,0,0,0,1,0,0,51649.0
8,512,0,64,0,0,1,15.6,0,1,0,0,0,0,0,0,0,0,0,1,0,0,0,0,0,0,0,0,1,0,0,56990.0
8,512,0,32,8,0,0,15.0,0,0,0,0,0,1,0,0,1,0,0,1,0,0,0,0,0,0,0,0,1,0,0,207290.0
8,512,0,64,0,1,1,14.0,0,0,1,0,0,0,0,0,1,0,0,1,0,0,0,0,0,0,0,0,1,0,0,74500.0
8,512,0,64,0,0,1,13.3,0,0,1,0,0,0,0,0,1,0,0,1,0,1,0,0,0,0,0,0,1,0,0,114990.0
8,0,1024,64,0,0,1,15.6,0,0,0,1,0,0,0,0,1,0,0,1,0,1,0,0,0,0,0,0,1,0,0,41990.0
8,512,0,64,2,0,0,14.0,0,0,1,0,0,0,0,0,1,0,0,1,0,1,0,0,0,0,0,0,1,0,0,61990.0
8,1024,0,64,4,0,0,15.6,0,1,0,0,0,0,0,0,1,0,0,1,0,0,0,0,0,0,0,0,1,0,0,82990.0
8,256,0,64,0,0,0,14.0,0,0,0,0,0,0,0,0,0,0,0,1,0,0,0,0,0,0,0,0,1,0,0,29990.0
8,512,0,64,0,0,0,13.0,1,0,0,0,0,0,0,0,1,0,0,0,0,0,0,0,0,0,0,0,1,0,0,159990.0
8,0,1024,64,0,0,0,15.6,0,1,0,0,0,0,0,0,1,0,0,1,0,1,0,0,0,0,0,0,1,0,0,46990.0
8,512,0,64,0,0,0,13.3,1,0,0,0,0,0,0,0,1,0,0,0,0,0,0,0,0,0,0,0,1,0,0,172090.0
8,512,0,64,0,0,1,13.3,0,0,0,1,0,0,0,0,0,0,0,1,0,0,0,0,0,0,0,0,1,0,0,84208.0
8,512,0,32,0,1,0,14.0,0,0,0,0,1,0,0,0,1,0,0,1,0,0,0,0,0,0,0,0,1,0,0,88488.0
8,512,0,32,4,0,0,15.0,0,0,0,0,0,0,0,0,1,0,0,1,0,0,0,0,0,0,0,0,1,0,0,129999.0
8,512,0,64,0,0,0,15.6,0,0,0,0,0,1,0,0,0,0,0,1,0,0,0,0,0,0,0,0,1,0,0,64990.0
8,512,0,64,4,0,0,15.6,0,0,0,0,0,1,0,0,1,0,0,1,0,0,0,0,0,0,0,0,1,0,0,109990.0
8,512,0,64,4,0,0,15.6,0,0,0,0,0,1,0,0,1,0,0,1,0,0,0,0,0,0,0,0,1,0,0,74990.0
8,512,0,64,0,0,1,14.0,0,0,0,0,1,0,0,0,0,0,0,1,0,0,0,0,0,0,0,0,1,0,0,60990.0
8,1024,0,64,6,1,0,15.6,0,1,0,0,0,0,0,0,1,0,0,1,0,0,0,0,0,0,0,0,1,0,0,224990.0
8,512,0,32,0,0,0,15.0,0,0,1,0,0,0,0,0,1,0,0,1,0,1,0,0,0,0,0,0,1,0,0,139990.0
8,1024,0,64,8,0,0,15.6,0,0,0,1,0,0,0,0,0,0,0,1,0,0,0,0,0,0,0,0,1,0,0,159990.0
8,512,0,64,0,0,0,14.0,0,0,0,0,0,1,0,0,1,0,0,1,0,0,0,0,0,0,0,0,1,0,0,56490.0
8,256,1024,32,2,0,0,15.6,0,1,0,0,0,0,0,0,1,0,0,1,0,0,0,0,0,0,0,0,1,0,0,58990.0
8,0,1024,64,0,0,1,15.6,0,0,1,0,0,0,0,0,0,0,0,1,0,1,0,0,0,0,0,0,1,0,0,52632.0
8,1024,0,64,0,0,0,14.0,0,1,0,0,0,0,0,0,0,0,0,1,0,0,0,0,0,0,0,0,1,0,0,104990.0
8,1024,0,64,0,0,1,14.0,0,1,0,0,0,0,0,0,0,0,0,1,0,0,0,0,0,0,0,0,1,0,0,76990.0
8,256,0,64,0,0,0,14.0,0,1,0,0,0,0,0,0,1,0,0,1,0,1,0,0,0,0,0,0,1,0,0,31990.0
8,512,0,64,4,0,0,15.6,0,0,0,0,0,1,0,0,1,0,0,1,0,0,0,0,0,0,0,0,1,0,0,86990.0
8,512,0,64,0,0,0,13.3,0,0,0,0,1,0,0,0,1,0,0,1,0,1,0,0,0,0,0,0,1,0,0,147000.0
8,1024,0,64,4,0,0,15.6,0,1,0,0,0,0,0,0,1,0,0,1,0,0,0,0,0,0,0,0,1,0,0,87990.0
8,512,0,64,0,0,1,15.6,0,0,0,1,0,0,0,0,1,0,0,1,0,1,0,0,0,0,0,0,1,0,0,47990.0
8,256,0,64,0,0,1,13.3,0,0,0,0,0,0,0,0,1,0,0,1,0,1,0,0,0,0,0,0,1,0,0,86867.0
8,0,1024,64,0,0,1,15.6,0,0,1,0,0,0,0,0,0,0,0,1,0,0,0,0,0,0,0,0,1,0,0,39990.0
8,256,0,64,0,0,1,15.6,0,0,0,0,1,0,0,0,1,0,0,1,0,0,0,0,0,0,0,0,1,0,0,40200.0
8,512,0,64,0,0,1,14.0,0,0,0,0,1,0,0,0,1,0,0,1,0,1,0,0,0,0,0,0,1,0,0,55990.0
8,512,0,64,4,0,1,15.6,0,0,0,1,0,0,0,0,1,0,0,1,1,0,0,0,0,0,0,0,1,0,0,77990.0
8,512,0,64,0,0,0,14.0,0,0,0,0,0,1,0,0,1,0,0,1,0,0,0,0,0,0,0,0,0,1,0,89990.0
8,1024,0,64,8,0,0,15.6,0,0,0,0,0,1,0,0,1,0,0,1,0,0,0,0,0,0,0,0,0,1,0,279990.0
8,512,0,64,4,0,1,15.6,0,0,0,1,0,0,0,0,1,0,0,1,0,0,0,0,0,0,0,0,0,1,0,106490.0
8,512,0,32,2,0,1,14.0,0,0,0,0,1,0,0,0,1,0,0,1,0,0,0,0,0,0,0,0,0,1,0,70990.0
8,1024,0,64,6,0,0,15.6,0,1,0,0,0,0,0,0,1,0,0,1,0,0,0,0,0,0,0,0,0,1,0,299990.0
8,1024,0,64,4,1,0,13.4,0,1,0,0,0,0,0,0,0,0,0,1,0,0,0,0,0,0,0,0,0,1,0,114990.0
8,128,1024,64,4,0,0,15.6,0,0,0,1,0,0,0,0,1,0,0,1,0,0,0,0,0,0,0,0,0,1,0,116941.0
8,128,0,64,0,1,0,13.0,0,0,0,0,0,0,1,0,1,0,0,1,0,0,0,0,0,0,0,0,0,1,0,100190.0
8,512,0,64,0,0,0,15.0,0,1,0,0,0,0,0,0,1,0,0,1,0,0,0,0,0,0,0,0,0,1,0,26990.0
8,512,512,64,0,1,0,14.0,0,0,0,0,1,0,0,0,1,0,0,1,0,1,0,0,0,0,0,0,0,1,0,155411.0
8,512,0,64,0,1,1,13.3,0,0,0,1,0,0,0,0,1,0,0,1,0,0,0,0,0,0,0,0,0,1,0,239759.0
8,512,0,64,0,0,1,15.6,0,0,0,0,1,0,0,0,1,0,0,1,0,0,0,0,0,0,0,0,0,1,0,64990.0
8,512,0,32,4,0,0,15.0,0,0,0,0,0,0,0,0,0,0,0,1,0,0,0,0,0,0,0,0,0,1,0,72990.0
8,256,0,32,0,0,0,14.0,0,0,0,0,1,0,0,0,1,0,0,1,0,0,0,0,0,0,0,0,0,1,0,40990.0
8,256,0,64,0,0,0,14.96,0,0,1,0,0,0,0,0,1,0,0,1,0,1,0,0,0,0,0,0,0,1,0,42490.0
8,256,1024,64,4,0,0,15.6,0,0,0,1,0,0,0,0,0,0,0,1,1,0,0,0,0,0,0,0,0,1,0,80000.0
8,256,0,64,0,0,0,15.6,0,1,0,0,0,0,0,0,1,0,0,1,0,0,0,0,0,0,0,0,0,1,0,29890.0
8,512,0,64,0,0,0,15.6,0,0,0,0,0,0,0,0,0,0,0,1,0,0,0,0,0,0,0,0,0,1,0,44990.0
8,512,0,64,0,0,0,15.6,0,0,0,0,0,0,0,0,1,0,0,1,0,0,0,0,0,0,0,0,0,1,0,57990.0
8,512,0,64,0,0,1,15.6,0,0,0,1,0,0,0,0,0,0,0,1,0,1,0,0,0,0,0,0,0,1,0,53490.0
8,256,0,64,0,0,0,15.6,0,0,0,0,0,0,1,0,1,0,0,1,0,0,0,0,0,0,0,0,0,1,0,76990.0
8,0,1024,32,0,0,0,15.6,0,0,1,0,0,0,0,0,1,0,0,1,0,0,0,0,0,0,0,0,0,1,0,43970.0
8,1024,0,64,4,0,0,16.1,0,0,0,1,0,0,0,0,1,0,0,1,0,0,0,0,0,0,0,0,0,1,0,121990.0
8,256,0,64,0,0,0,15.6,0,0,0,0,0,0,0,0,1,0,0,1,0,0,0,0,0,0,0,0,0,1,0,30990.0
8,1024,0,64,4,0,0,16.1,0,0,0,1,0,0,0,0,1,0,0,1,0,0,0,0,0,0,0,0,0,1,0,116990.0
8,512,0,64,0,0,0,13.3,1,0,0,0,0,0,0,1,0,0,0,0,0,0,0,0,0,0,0,0,0,1,0,124990.0
8,256,1024,64,0,0,0,15.6,0,1,0,0,0,0,0,0,1,0,0,1,0,0,0,0,0,0,0,0,0,1,0,40990.0
8,1024,0,64,6,0,0,16.0,0,0,0,0,1,0,0,0,1,0,0,1,0,0,0,0,0,0,0,0,0,1,0,151098.0
8,512,0,64,2,0,1,15.6,0,1,0,0,0,0,0,0,1,0,0,1,0,0,0,0,0,0,0,0,0,1,0,78990.0
8,512,0,32,4,0,0,15.0,0,0,1,0,0,0,0,0,1,0,0,1,0,0,0,0,0,0,0,0,0,1,0,95990.0
8,512,0,64,0,0,1,13.3,0,0,1,0,0,0,0,0,1,0,0,1,0,1,0,0,0,0,0,0,0,1,0,121890.0
8,256,0,64,0,0,1,14.0,0,0,0,0,0,0,1,0,1,0,0,1,0,1,0,0,0,0,0,0,0,1,0,47999.0
8,256,0,64,0,0,0,15.6,0,1,0,0,0,0,0,0,1,0,0,1,0,0,0,0,0,0,0,0,0,1,0,35990.0
8,512,0,64,4,0,0,15.6,0,1,0,0,0,0,0,0,1,0,0,1,1,0,0,0,0,0,0,0,0,1,0,64990.0
8,512,0,64,0,0,0,14.0,0,1,0,0,0,0,0,0,1,0,0,1,0,1,0,0,0,0,0,0,0,1,0,85990.0
8,256,1024,64,0,0,1,14.0,0,0,1,0,0,0,0,0,1,0,0,1,0,1,0,0,0,0,0,0,0,1,0,43990.0
8,512,0,64,0,0,0,14.0,0,0,0,0,0,1,0,0,1,0,0,1,0,0,0,0,0,0,0,0,0,1,0,54990.0
8,512,0,32,4,0,0,15.0,0,0,0,1,0,0,0,0,1,0,0,1,0,0,0,0,0,0,0,0,0,1,0,102551.0
8,256,0,64,0,1,0,14.0,0,0,1,0,0,0,0,0,1,0,0,1,0,0,0,0,0,0,0,0,0,1,0,71999.0
8,1024,0,64,4,1,1,13.4,0,1,0,0,0,0,0,0,0,0,0,1,0,0,0,0,0,0,0,0,0,1,0,124990.0
8,512,0,64,4,0,1,15.6,0,0,0,0,1,0,0,0,0,0,0,1,0,0,0,0,0,0,0,0,0,1,0,84988.0
8,512,0,64,4,0,0,15.6,0,0,0,0,1,0,0,0,0,0,0,1,0,0,0,0,0,0,0,0,0,1,0,76498.0
8,512,0,64,4,0,0,15.6,0,0,0,0,0,1,0,0,1,0,0,1,0,0,0,0,0,0,0,0,0,1,0,94990.0
8,512,0,64,4,0,0,15.6,0,0,0,1,0,0,0,0,0,0,0,1,0,0,0,0,0,0,0,0,0,1,0,90990.0
8,512,0,64,0,0,1,14.0,0,0,0,0,0,0,1,0,1,0,0,1,0,1,0,0,0,0,0,0,0,1,0,62890.0
8,128,0,64,0,1,0,15.0,0,0,0,0,0,0,1,0,0,0,0,1,0,0,0,0,0,0,0,0,0,1,0,99990.0
8,256,0,64,0,0,1,15.6,0,1,0,0,0,0,0,0,0,0,0,1,0,1,0,0,0,0,0,0,0,1,0,34500.0
8,512,0,64,4,0,0,14.96,0,0,1,0,0,0,0,0,0,0,0,1,0,0,0,0,0,0,0,0,0,1,0,98920.0
8,1024,0,64,6,0,1,15.6,0,0,0,0,1,0,0,0,0,0,0,1,0,0,0,0,0,0,0,0,0,1,0,130990.0
8,256,0,64,0,0,0,14.0,0,0,0,0,0,0,1,0,1,0,0,1,0,1,0,0,0,0,0,0,0,1,0,76990.0
8,1024,0,64,0,0,0,15.6,0,1,0,0,0,0,0,0,0,0,0,1,0,0,0,0,0,0,0,0,0,1,0,99990.0
8,512,0,64,0,1,0,13.5,0,0,0,1,0,0,0,0,1,0,0,1,0,0,0,0,0,0,0,0,0,1,0,111999.0
8,512,0,32,8,0,0,15.0,0,0,0,0,0,1,0,0,1,0,0,1,0,0,0,0,0,0,0,0,0,1,0,179990.0
8,256,0,64,0,0,0,15.6,0,1,0,0,0,0,0,0,1,0,0,1,0,0,0,0,0,0,0,0,0,1,0,39990.0
8,1024,0,64,8,0,0,15.6,0,0,0,0,0,1,0,0,1,0,0,1,0,0,0,0,0,0,0,0,0,1,0,129990.0
8,1024,0,64,0,1,0,14.0,0,1,0,0,0,0,0,0,0,0,0,1,0,0,0,0,0,0,0,0,0,1,0,134990.0
8,512,0,64,2,0,1,14.0,0,0,0,0,1,0,0,0,1,0,0,1,0,0,0,0,0,0,0,0,0,1,0,70798.0
8,512,0,64,0,0,0,14.0,0,0,1,0,0,0,0,0,0,0,0,1,0,1,0,0,0,0,0,0,0,1,0,40590.0
8,512,0,64,4,0,0,15.6,0,0,0,0,1,0,0,0,1,0,0,1,0,0,0,0,0,0,0,0,0,1,0,59990.0
8,512,0,64,0,0,0,15.6,0,0,0,0,0,1,0,0,0,0,0,1,0,0,0,0,0,0,0,0,0,1,0,54990.0
8,512,0,64,0,0,0,14.0,0,1,0,0,0,0,0,0,1,0,0,1,0,0,0,0,0,0,0,0,0,1,0,40990.0
8,1024,0,64,6,1,0,15.6,0,1,0,0,0,0,0,0,1,0,0,1,0,0,0,0,0,0,0,0,0,1,0,269990.0
8,512,0,64,4,0,0,15.6,0,0,0,0,0,0,0,0,1,0,0,1,0,0,0,0,0,0,0,0,0,1,0,99500.0
8,256,0,64,0,0,0,14.0,0,1,0,0,0,0,0,0,1,0,0,1,0,1,0,0,0,0,0,0,0,1,0,48990.0
8,1024,0,64,0,1,0,13.5,0,0,0,1,0,0,0,0,1,0,0,1,0,0,0,0,0,0,0,0,0,1,0,149999.0
8,512,0,64,0,0,1,14.0,0,0,0,1,0,0,0,0,1,0,0,1,0,1,0,0,0,0,0,0,0,1,0,55990.0
8,1024,0,64,4,0,0,15.6,0,1,0,0,0,0,0,0,0,0,0,1,0,0,0,0,0,0,0,0,0,1,0,112990.0
8,512,0,64,0,0,1,15.6,0,0,0,0,0,0,1,0,0,0,0,1,0,1,0,0,0,0,0,0,0,1,0,56990.0
8,256,1024,64,0,0,0,15.6,0,1,0,0,0,0,0,0,1,0,0,1,0,0,0,0,0,0,0,0,0,1,0,64990.0
8,256,0,64,0,0,1,15.6,0,0,0,0,1,0,0,0,1,0,0,1,0,0,0,0,0,0,0,0,0,1,0,41998.0
8,1024,0,64,0,0,1,14.0,0,0,0,0,1,0,0,0,0,0,0,1,0,0,0,0,0,0,0,0,0,1,0,77988.0
8,1024,0,64,6,0,0,15.6,0,0,0,0,0,1,0,0,1,0,0,1,0,0,0,0,0,0,0,0,0,1,0,139990.0
8,512,0,64,0,0,0,13.3,0,1,0,0,0,0,0,0,1,0,0,1,0,1,0,0,0,0,0,0,0,1,0,72990.0
8,1024,0,64,8,0,1,16.1,0,0,0,1,0,0,0,0,0,0,0,1,0,0,0,0,0,0,0,0,0,1,0,141990.0
8,512,0,64,0,0,0,15.0,0,1,0,0,0,0,0,0,1,0,0,1,0,0,0,0,0,0,0,0,0,1,0,45990.0
8,512,0,32,6,0,0,15.0,0,0,0,0,0,0,1,0,1,0,0,1,0,0,0,0,0,0,0,0,0,1,0,214790.0
8,512,0,32,0,0,0,15.0,0,1,0,0,0,0,0,0,1,0,0,1,0,0,0,0,0,0,0,0,0,1,0,21990.0
8,0,1024,64,0,0,0,14.0,0,0,0,1,0,0,0,0,1,0,0,1,0,1,0,0,0,0,0,0,0,1,0,39790.0
8,1024,0,64,0,0,1,14.0,0,1,0,0,0,0,0,0,0,0,0,1,0,0,0,0,0,0,0,0,0,1,0,76000.0
8,1024,0,64,6,0,0,15.6,0,0,0,0,0,0,0,0,1,0,0,1,0,0,0,0,0,0,0,0,0,1,0,129990.0
8,512,0,64,0,0,0,14.0,0,0,0,0,0,0,0,0,1,0,0,1,0,1,0,0,0,0,0,0,0,1,0,64990.0
8,512,0,64,0,0,0,15.6,0,1,0,0,0,0,0,0,1,0,0,1,0,1,0,0,0,0,0,0,0,1,0,57990.0
8,1024,0,64,8,0,1,16.1,0,0,0,1,0,0,0,0,1,0,0,1,0,0,0,0,0,0,0,0,0,1,0,171990.0
8,512,0,64,0,0,1,15.6,0,1,0,0,0,0,0,0,1,0,0,1,0,1,0,0,0,0,0,0,0,1,0,42990.0
8,128,0,64,0,1,0,12.2,0,0,0,0,0,0,1,0,1,0,0,1,0,0,0,0,0,0,0,0,0,1,0,52990.0
8,512,0,64,0,0,0,14.0,0,1,0,0,0,0,0,0,0,0,0,1,0,0,0,0,0,0,0,0,0,1,0,63990.0
8,512,0,64,0,0,0,15.6,0,0,0,0,0,0,0,0,0,0,0,1,0,0,0,0,0,0,0,0,0,1,0,49990.0
8,512,0,64,0,0,1,14.0,0,0,0,0,1,0,0,0,0,0,0,1,0,0,0,0,0,0,0,0,0,1,0,63990.0
8,512,0,64,0,0,1,14.0,0,0,0,1,0,0,0,0,0,0,0,1,0,1,0,0,0,0,0,0,0,1,0,57999.0
8,512,0,32,6,0,0,15.0,0,0,0,0,0,1,0,0,1,0,0,1,0,0,0,0,0,0,0,0,0,1,0,145990.0
8,512,0,64,2,1,1,13.3,0,0,0,1,0,0,0,0,1,0,0,1,0,0,0,0,0,0,0,0,0,1,0,76990.0
8,256,1024,32,0,0,0,15.6,0,0,1,0,0,0,0,0,0,0,0,1,0,0,0,0,0,0,0,0,0,1,0,51990.0
8,1024,0,64,0,0,0,15.6,0,1,0,0,0,0,0,0,0,0,0,1,0,0,0,0,0,0,0,0,0,1,0,129990.0
8,256,1024,64,2,0,0,15.6,0,0,1,0,0,0,0,0,1,0,0,1,0,0,0,0,0,0,0,0,0,1,0,66490.0
8,256,0,64,0,0,0,15.6,0,0,1,0,0,0,0,0,1,0,0,1,0,1,0,0,0,0,0,0,0,1,0,36000.0
8,1024,0,64,4,1,0,13.4,0,1,0,0,0,0,0,0,0,0,0,1,0,0,0,0,0,0,0,0,0,1,0,99990.0
8,512,0,64,0,0,1,15.6,0,0,0,0,1,0,0,0,1,0,0,1,0,0,0,0,0,0,0,0,0,1,0,62998.0
8,256,0,32,0,0,0,15.6,0,1,0,0,0,0,0,0,1,0,0,1,0,0,0,0,0,0,0,0,0,1,0,41990.0
8,512,0,64,0,1,1,14.0,0,0,1,0,0,0,0,0,1,0,0,1,0,0,0,0,0,0,0,0,0,1,0,77990.0
8,512,0,32,4,0,0,15.0,0,1,0,0,0,0,0,0,1,0,0,1,0,0,0,0,0,0,0,0,0,1,0,106167.0
8,128,0,64,0,1,0,13.5,0,0,0,0,0,0,1,0,1,0,0,1,0,0,0,0,0,0,0,0,0,1,0,91999.0
8,512,0,32,4,0,0,14.0,0,1,0,0,0,0,0,0,0,0,0,1,0,0,0,0,0,0,0,0,0,1,0,72400.0
8,256,0,64,0,0,1,15.6,0,0,0,0,1,0,0,0,1,0,0,1,0,0,0,0,0,0,0,0,0,1,0,39999.0
8,512,0,64,0,1,1,13.3,0,0,0,1,0,0,0,0,1,0,0,1,0,0,0,0,0,0,0,0,0,0,1,114990.0
8,512,0,32,0,0,0,15.6,0,0,0,1,0,0,0,0,0,0,0,1,0,0,0,0,0,0,0,0,0,0,1,52380.0
8,1024,0,64,4,1,1,13.4,0,1,0,0,0,0,0,0,0,0,0,1,0,0,0,0,0,0,0,0,0,0,1,142990.0
8,1024,0,64,0,0,0,14.0,0,1,0,0,0,0,0,0,0,0,0,1,0,0,0,0,0,0,0,0,0,0,1,121990.0
8,512,0,64,2,0,1,15.6,0,0,1,0,0,0,0,0,1,0,0,1,0,0,0,0,0,0,0,0,0,0,1,65990.0
8,512,0,64,2,0,1,14.0,0,0,1,0,0,0,0,0,1,0,0,1,0,0,0,0,0,0,0,0,0,0,1,88990.0
8,1024,0,64,2,0,1,15.6,0,0,1,0,0,0,0,0,1,0,0,1,0,0,0,0,0,0,0,0,0,0,1,93955.0
8,512,0,64,0,1,0,13.3,0,0,0,0,1,0,0,0,0,0,0,1,0,0,0,0,0,0,1,0,0,0,0,78990.0
8,256,0,64,0,0,0,14.0,0,0,0,0,0,0,1,0,1,0,0,1,0,0,0,0,0,0,1,0,0,0,0,62990.0
8,1024,0,64,8,0,0,15.6,0,1,0,0,0,0,0,0,1,0,0,1,0,0,0,0,0,0,0,0,1,0,0,234990.0
8,256,1024,64,0,0,1,14.0,0,0,1,0,0,0,0,0,1,0,0,1,0,1,0,0,0,0,0,0,1,0,0,43590.0
8,256,0,32,0,0,0,14.0,0,1,0,0,0,0,0,0,1,0,0,1,0,0,0,0,0,0,0,0,1,0,0,39990.0
8,1024,0,64,0,1,1,13.3,0,0,0,1,0,0,0,0,1,0,0,1,0,0,0,0,0,0,0,0,1,0,0,128500.0
8,512,0,64,0,0,0,13.3,0,0,0,0,1,0,0,0,1,0,0,1,0,0,0,0,0,0,0,0,1,0,0,113590.0
8,256,1024,64,0,0,1,14.0,0,0,1,0,0,0,0,0,1,0,0,1,0,1,0,0,0,0,0,0,1,0,0,41390.0
8,0,1024,32,0,0,0,14.0,0,1,0,0,0,0,0,0,1,0,0,1,0,1,0,0,0,0,0,0,1,0,0,35590.0
8,512,0,64,2,0,0,14.0,0,0,0,0,0,0,1,0,1,0,0,1,0,0,0,0,0,0,0,0,1,0,0,54990.0
8,256,1024,32,0,0,0,15.6,0,1,0,0,0,0,0,0,1,0,0,1,0,1,0,0,0,0,0,0,1,0,0,82500.0
8,256,0,64,0,0,0,15.6,0,0,1,0,0,0,0,0,1,0,0,1,0,1,0,0,0,0,0,0,1,0,0,55990.0
8,512,0,64,0,1,1,14.0,0,1,0,0,0,0,0,0,1,0,0,1,0,0,0,0,0,0,0,0,1,0,0,73990.0
8,512,0,64,0,0,0,15.6,0,1,0,0,0,0,0,0,1,0,0,1,0,0,0,0,0,0,0,0,1,0,0,44890.0
8,1024,0,64,0,1,1,13.3,0,0,0,0,1,0,0,0,0,0,0,1,0,1,0,0,0,0,0,0,1,0,0,81978.0
8,1024,0,64,0,0,0,14.0,0,1,0,0,0,0,0,0,0,0,0,1,0,0,0,0,0,0,1,0,0,0,0,111000.0
8,1024,0,64,0,1,1,14.0,0,0,0,0,1,0,0,0,1,0,0,1,0,0,0,0,0,0,1,0,0,0,0,102990.0
8,256,0,64,0,0,0,15.6,0,0,0,0,1,0,0,0,1,0,0,1,0,0,0,0,0,0,0,0,1,0,0,39998.0
8,512,0,64,4,0,1,15.6,0,0,0,1,0,0,0,0,1,0,0,1,1,0,0,0,0,0,0,0,1,0,0,92000.0
8,0,1024,64,4,0,0,15.6,0,0,0,1,0,0,0,0,0,0,0,1,1,0,0,0,0,0,0,0,1,0,0,59990.0
8,512,0,64,0,0,0,16.0,0,0,0,0,0,0,1,0,1,0,0,1,0,1,0,0,0,0,0,0,1,0,0,86990.0
8,256,0,64,0,0,1,14.0,0,0,0,1,0,0,0,0,1,0,0,1,0,1,0,0,0,0,0,0,1,0,0,42490.0
8,0,1024,64,4,0,0,15.6,0,0,0,0,0,1,0,0,1,0,0,1,0,0,0,0,0,0,0,0,1,0,0,52990.0
8,512,0,64,0,0,1,15.6,0,0,0,1,0,0,0,0,1,0,0,1,0,1,0,0,0,0,0,0,0,1,0,61000.0
8,512,0,64,0,0,0,15.6,0,0,0,0,0,0,0,0,0,0,0,1,0,1,0,0,0,0,0,0,0,1,0,59990.0
8,512,0,64,0,1,0,14.0,0,1,0,0,0,0,0,0,1,0,0,1,0,0,0,0,0,0,0,0,0,1,0,99990.0
8,1024,0,64,4,1,1,13.4,0,1,0,0,0,0,0,0,0,0,0,1,0,0,0,0,0,0,0,0,0,1,0,124990.0
8,256,1024,64,6,0,0,15.6,0,0,0,0,0,0,0,0,1,0,0,1,0,0,0,0,0,0,0,0,0,1,0,119990.0
8,512,0,32,4,0,0,15.6,0,1,0,0,0,0,0,0,0,0,0,1,0,0,0,0,0,0,0,0,0,1,0,111990.0
8,512,0,64,0,0,1,15.6,0,0,0,0,1,0,0,0,1,0,0,1,0,1,0,0,0,0,0,0,0,1,0,67990.0
8,512,0,64,0,0,0,15.6,0,0,0,0,0,0,0,0,0,0,0,1,0,1,0,0,0,0,0,0,0,1,0,49990.0
8,512,0,32,0,1,0,13.3,0,0,0,1,0,0,0,0,0,0,0,1,0,0,0,0,0,0,0,0,0,1,0,109000.0
8,256,1024,64,4,0,0,15.6,0,0,1,0,0,0,0,0,1,0,0,1,0,0,0,0,0,0,0,0,0,1,0,77900.0
8,512,0,64,0,1,1,14.0,0,0,1,0,0,0,0,0,1,0,0,1,0,0,0,0,0,0,0,0,0,1,0,70799.0
8,512,0,64,0,0,1,14.0,0,0,0,1,0,0,0,0,0,0,0,1,0,1,0,0,0,0,0,0,0,1,0,52500.0
8,512,0,32,0,0,0,15.0,0,0,0,0,1,0,0,0,1,0,0,1,0,0,0,0,0,0,0,0,0,1,0,171998.0
8,0,1024,32,2,0,0,14.0,0,0,0,0,1,0,0,0,1,0,0,1,0,0,0,0,0,1,0,0,0,0,0,57999.0
16,0,1024,64,0,0,0,15.6,0,0,0,0,1,0,0,0,1,0,0,1,0,0,0,0,0,1,0,0,0,0,0,52490.0
16,1024,0,64,0,1,0,14.0,0,1,0,0,0,0,0,0,1,0,0,1,0,0,0,0,0,1,0,0,0,0,0,119990.0
16,0,1024,64,4,0,0,15.6,0,0,0,0,1,0,0,0,1,0,0,1,0,0,0,0,0,1,0,0,0,0,0,56990.0
16,512,0,64,0,0,1,15.6,0,0,0,0,1,0,0,0,1,0,0,1,0,1,0,0,0,1,0,0,0,0,0,65990.0
16,256,0,64,0,1,1,14.0,0,0,0,0,0,0,0,0,1,0,0,1,0,1,0,0,0,1,0,0,0,0,0,81998.0
16,1024,0,64,6,0,0,15.6,0,1,0,0,0,0,0,0,0,0,0,1,0,0,0,0,0,1,0,0,0,0,0,141990.0
16,512,0,64,0,0,0,14.0,0,1,0,0,0,0,0,0,1,0,0,1,0,1,0,0,0,1,0,0,0,0,0,53690.0
16,512,0,32,4,0,0,15.0,0,0,1,0,0,0,0,0,1,0,0,1,0,0,0,0,0,1,0,0,0,0,0,68090.0
16,256,1024,64,4,0,0,15.6,0,0,0,0,0,1,0,0,1,0,0,1,0,0,0,0,0,1,0,0,0,0,0,159990.0
16,128,0,32,0,1,0,13.3,0,1,0,0,0,0,0,0,1,0,0,1,0,0,0,0,0,1,0,0,0,0,0,58100.0
16,512,0,64,0,0,1,15.6,0,0,0,0,0,0,1,0,0,0,0,1,0,1,0,0,0,1,0,0,0,0,0,49590.0
16,1024,0,64,4,0,0,16.0,0,1,0,0,0,0,0,0,0,0,0,1,0,0,0,0,0,1,0,0,0,0,0,162990.0
16,512,0,64,0,0,0,14.0,0,0,0,0,0,1,0,0,1,0,0,1,0,1,0,0,0,1,0,0,0,0,0,55990.0
16,3072,0,32,6,0,0,17.3,0,1,0,0,0,0,0,0,1,0,0,1,0,0,0,0,0,1,0,0,0,0,0,441990.0
16,512,0,64,0,0,1,15.6,0,1,0,0,0,0,0,0,1,0,0,1,0,0,0,0,0,1,0,0,0,0,0,53190.0
16,512,0,32,2,0,1,15.6,0,0,0,0,1,0,0,0,1,0,0,1,0,0,0,0,0,1,0,0,0,0,0,58999.0
16,1024,0,64,4,0,0,17.3,0,1,0,0,0,0,0,0,1,0,0,1,0,0,0,0,0,1,0,0,0,0,0,84500.0
16,256,0,32,0,0,0,15.6,0,0,0,0,1,0,0,0,1,0,0,1,0,0,0,0,0,1,0,0,0,0,0,41990.0
16,1024,0,32,6,0,0,15.6,0,1,0,0,0,0,0,0,1,0,0,1,0,0,0,0,0,1,0,0,0,0,0,120980.0
16,512,0,64,2,0,0,15.6,0,0,1,0,0,0,0,0,1,0,0,1,0,1,0,0,0,1,0,0,0,0,0,71990.0
16,0,1024,64,0,0,1,14.0,0,0,0,1,0,0,0,0,1,0,0,1,0,1,0,0,0,1,0,0,0,0,0,36490.0
16,512,0,32,4,0,0,16.1,0,0,0,1,0,0,0,0,1,0,0,1,0,0,0,0,0,1,0,0,0,0,0,82000.0
16,256,0,32,0,0,0,15.6,0,1,0,0,0,0,0,0,1,0,0,1,0,0,0,0,0,0,1,0,0,0,0,48490.0
16,0,1024,64,0,0,1,15.6,0,1,0,0,0,0,0,0,1,0,0,1,0,1,0,0,0,0,1,0,0,0,0,38990.0
16,1024,0,32,6,0,0,16.0,0,1,0,0,0,0,0,0,1,0,0,1,0,0,0,0,0,0,1,0,0,0,0,157249.0
16,512,0,64,0,0,1,15.6,0,1,0,0,0,0,0,0,0,0,0,1,0,1,0,0,0,0,1,0,0,0,0,49990.0
16,512,0,32,8,0,0,15.0,0,0,0,0,0,0,1,0,1,0,0,1,0,0,0,0,0,0,1,0,0,0,0,269290.0
16,512,0,64,0,0,0,13.3,0,1,0,0,0,0,0,0,1,0,0,1,0,1,0,0,0,0,1,0,0,0,0,84990.0
16,256,1024,64,2,0,0,15.6,0,0,1,0,0,0,0,0,1,0,0,1,0,0,0,0,0,0,1,0,0,0,0,67490.0
16,512,0,64,0,0,0,15.6,0,0,0,0,0,0,0,0,0,0,0,1,0,1,0,0,0,0,1,0,0,0,0,75999.0
16,1024,0,64,0,0,0,16.0,0,1,0,0,0,0,0,0,0,0,0,1,0,0,0,0,0,0,1,0,0,0,0,130500.0
16,1024,0,64,4,0,0,15.6,0,0,0,0,1,0,0,0,1,0,0,1,0,1,0,0,0,0,1,0,0,0,0,229900.0
16,256,0,64,0,0,1,14.0,0,0,0,1,0,0,0,0,1,0,0,1,0,1,0,0,0,0,1,0,0,0,0,44376.0
16,512,0,64,0,1,0,13.3,0,0,0,1,0,0,0,0,1,0,0,1,0,0,0,0,0,0,1,0,0,0,0,162990.0
16,256,0,64,0,0,0,15.6,0,0,0,0,0,0,0,0,0,0,0,1,0,0,0,0,0,0,1,0,0,0,0,31990.0
16,512,0,32,0,0,0,15.0,0,0,0,0,0,0,0,0,1,0,0,1,0,0,0,0,0,0,1,0,0,0,0,119990.0
16,256,0,64,0,0,1,14.0,0,1,0,0,0,0,0,0,1,0,0,1,0,1,0,0,0,0,1,0,0,0,0,32990.0
16,512,0,64,2,0,0,15.6,0,0,0,0,1,0,0,0,1,0,0,1,0,0,0,0,0,0,1,0,0,0,0,89998.0
16,512,0,64,0,0,1,13.3,0,0,1,0,0,0,0,0,1,0,0,1,0,1,0,0,0,0,1,0,0,0,0,135300.0
16,512,0,64,0,0,0,14.0,0,0,0,0,0,1,0,0,1,0,0,1,0,0,0,0,0,0,1,0,0,0,0,64990.0
16,0,1024,64,2,0,0,15.6,0,0,0,0,0,0,0,0,1,0,0,1,0,1,0,0,0,0,0,0,1,0,0,61990.0
16,1024,0,64,4,0,0,14.0,0,1,0,0,0,0,0,0,0,0,0,1,0,0,0,0,0,0,1,0,0,0,0,116990.0
16,512,0,64,0,1,0,14.0,0,1,0,0,0,0,0,0,1,0,0,1,0,0,0,0,0,0,0,0,0,0,0,99990.0
16,512,0,64,0,0,0,14.0,0,1,0,0,0,0,0,0,1,0,0,1,0,0,0,0,0,0,0,0,0,0,0,41490.0
16,1024,0,64,6,0,0,15.6,0,1,0,0,0,0,0,0,1,0,0,1,0,0,0,0,0,0,0,0,0,0,0,131500.0
16,512,0,64,0,0,0,13.3,0,1,0,0,0,0,0,0,1,0,0,1,0,1,0,0,0,0,0,0,0,0,0,84990.0
16,512,0,64,4,0,0,15.6,0,0,0,0,1,0,0,0,1,0,0,1,1,0,0,0,0,0,0,0,0,0,0,69899.0
16,256,1024,64,0,0,1,14.0,0,0,1,0,0,0,0,0,1,0,0,1,0,1,0,0,0,0,0,0,0,0,0,61990.0
16,512,0,64,4,0,0,15.6,0,0,1,0,0,0,0,0,1,0,0,1,0,0,0,0,0,0,0,0,0,0,0,79990.0
16,1024,0,32,6,0,0,14.0,0,1,0,0,0,0,0,0,0,0,0,1,0,0,0,0,0,0,0,0,0,0,0,138990.0
16,512,0,64,4,0,0,15.6,0,0,1,0,0,0,0,0,1,0,0,1,0,0,0,0,0,0,0,0,0,0,0,76300.0
16,256,1024,64,0,0,1,14.0,0,0,1,0,0,0,0,0,1,0,0,1,0,1,0,0,0,0,0,0,0,0,0,44290.0
16,0,1024,32,0,0,0,15.0,0,0,1,0,0,0,0,0,1,0,0,1,0,0,0,0,0,0,0,0,0,0,0,58090.0
16,512,0,64,6,0,0,15.6,0,0,1,0,0,0,0,0,0,0,0,1,0,0,0,0,0,0,0,0,0,0,0,89990.0
16,512,0,64,0,1,1,13.3,0,0,0,0,1,0,0,0,0,0,0,1,0,0,0,0,0,0,0,0,0,0,0,78988.0
16,512,0,64,0,0,1,15.6,0,0,0,0,1,0,0,0,1,0,0,1,0,0,0,0,0,0,0,0,0,0,0,55999.0
16,512,0,64,0,0,0,14.0,0,0,1,0,0,0,0,0,1,0,0,1,0,1,0,0,0,0,0,0,0,0,0,72900.0
16,512,0,64,0,0,0,13.3,0,0,0,0,1,0,0,0,1,0,0,1,0,1,0,0,0,0,0,0,0,0,0,174527.0
16,512,0,64,0,1,1,14.0,0,0,1,0,0,0,0,0,1,0,0,1,0,0,0,0,0,0,0,0,0,0,0,73990.0
16,512,512,64,0,1,0,14.0,0,0,0,0,1,0,0,0,1,0,0,1,0,1,0,0,0,0,0,0,0,0,0,125394.0
16,1024,0,64,4,1,1,13.4,0,1,0,0,0,0,0,0,0,0,0,1,0,0,0,0,0,0,0,0,0,0,0,234990.0
16,256,1024,64,0,0,1,17.3,0,1,0,0,0,0,0,0,0,0,0,1,0,0,0,0,0,0,0,0,0,0,0,62990.0
16,256,1024,64,0,0,0,15.6,0,0,1,0,0,0,0,0,1,0,0,1,0,0,0,0,0,0,0,0,0,0,0,48999.0
16,512,0,32,2,0,0,15.6,0,0,1,0,0,0,0,0,1,0,0,1,0,0,0,0,0,0,0,0,0,0,0,73519.0
16,512,0,64,4,0,0,15.6,0,0,0,0,1,0,0,0,0,0,0,1,0,0,0,0,0,0,0,0,0,0,0,73138.0
16,1024,0,64,0,0,0,14.0,0,1,0,0,0,0,0,0,1,0,0,1,0,0,1,0,0,0,0,0,0,0,0,154990.0
16,512,0,64,0,1,0,13.3,0,0,0,1,0,0,0,0,1,0,0,1,0,0,1,0,0,0,0,0,0,0,0,126000.0
16,512,0,64,0,0,0,13.3,0,0,0,0,1,0,0,0,1,0,0,1,0,1,1,0,0,0,0,0,0,0,0,162299.0
16,0,1024,32,0,0,0,15.6,0,1,0,0,0,0,0,0,1,0,0,1,0,1,1,0,0,0,0,0,0,0,0,33990.0
16,512,0,64,4,0,0,15.0,0,1,0,0,0,0,0,0,1,0,0,1,0,0,1,0,0,0,0,0,0,0,0,209690.0
16,512,0,32,2,0,0,14.0,0,1,0,0,0,0,0,0,1,0,0,1,0,0,1,0,0,0,0,0,0,0,0,69990.0
16,256,0,64,0,0,0,14.0,0,0,0,0,0,0,1,0,1,0,0,1,0,1,1,0,0,0,0,0,0,0,0,76990.0
16,512,0,64,6,0,0,15.6,0,1,0,0,0,0,0,0,1,0,0,1,0,0,1,0,0,0,0,0,0,0,0,88990.0
16,512,0,64,0,0,0,13.3,0,1,0,0,0,0,0,0,0,0,0,1,0,0,1,0,0,0,0,0,0,0,0,80990.0
16,256,0,64,0,0,0,14.0,0,0,0,0,0,0,1,0,0,0,0,1,0,1,1,0,0,0,0,0,0,0,0,24990.0
16,0,1024,64,0,0,0,15.6,0,0,1,0,0,0,0,0,0,0,0,1,0,0,1,0,0,0,0,0,0,0,0,43990.0
16,512,0,64,0,1,1,13.5,0,0,0,1,0,0,0,0,1,0,0,1,0,1,1,0,0,0,0,0,0,0,0,114999.0
16,256,0,32,0,0,0,15.6,0,0,1,0,0,0,0,0,1,0,0,1,0,0,1,0,0,0,0,0,0,0,0,43900.0
16,128,0,32,4,0,0,15.0,0,0,0,0,0,0,0,0,1,0,0,1,0,0,1,0,0,0,0,0,0,0,0,116640.0
16,512,0,64,2,1,1,14.0,0,0,1,0,0,0,0,0,1,0,0,1,0,0,1,0,0,0,0,0,0,0,0,82990.0
16,256,0,64,0,0,0,15.6,0,0,1,0,0,0,0,0,1,0,0,1,0,0,1,0,0,0,0,0,0,0,0,46690.0
16,512,0,64,0,1,0,14.0,0,0,0,0,0,0,0,0,1,0,0,1,0,1,1,0,0,0,0,0,0,0,0,109999.0
16,1024,0,64,0,0,0,15.6,0,1,0,0,0,0,0,0,0,0,0,1,0,0,1,0,0,0,0,0,0,0,0,135990.0
16,1024,0,64,0,0,0,14.0,0,1,0,0,0,0,0,0,1,0,0,1,0,0,1,0,0,0,0,0,0,0,0,165990.0
16,512,0,64,0,1,1,14.0,0,0,0,0,1,0,0,0,1,0,0,1,0,1,1,0,0,0,0,0,0,0,0,82990.0
16,0,1024,64,0,0,0,14.0,0,1,0,0,0,0,0,0,1,0,0,1,0,0,1,0,0,0,0,0,0,0,0,56990.0
16,1024,0,64,0,0,0,14.0,0,0,0,0,1,0,0,0,1,0,0,1,0,1,1,0,0,0,0,0,0,0,0,119990.0
16,512,0,64,2,1,1,14.0,0,0,1,0,0,0,0,0,1,0,0,1,0,0,1,0,0,0,0,0,0,0,0,79990.0
16,512,1024,32,0,0,0,14.0,0,0,0,0,1,0,0,0,0,0,0,1,0,0,1,0,0,0,0,0,0,0,0,80490.0
16,512,0,64,0,1,1,13.3,0,0,1,0,0,0,0,0,1,0,0,1,0,0,1,0,0,0,0,0,0,0,0,109190.0
16,0,1024,64,0,0,1,15.6,0,0,1,0,0,0,0,0,1,0,0,1,0,0,1,0,0,0,0,0,0,0,0,43400.0
16,512,0,64,0,1,0,14.0,0,1,0,0,0,0,0,0,1,0,0,1,0,0,1,0,0,0,0,0,0,0,0,114990.0
16,512,0,64,0,1,0,13.5,0,0,0,1,0,0,0,0,1,0,0,1,0,0,1,0,0,0,0,0,0,0,0,129999.0
16,256,0,32,0,0,0,15.6,0,0,0,0,1,0,0,0,1,0,0,1,0,0,1,0,0,0,0,0,0,0,0,40990.0
16,0,1024,64,0,0,0,15.0,0,0,0,0,1,0,0,0,1,0,0,1,0,0,1,0,0,0,0,0,0,0,0,38999.0
16,512,0,32,0,0,0,15.6,0,0,0,1,0,0,0,0,1,0,0,1,0,1,1,0,0,0,0,0,0,0,0,50990.0
16,256,1024,64,0,0,1,15.6,0,0,1,0,0,0,0,0,1,0,0,1,0,0,1,0,0,0,0,0,0,0,0,58990.0
16,512,0,32,6,0,0,15.0,0,0,0,0,0,1,0,0,1,0,0,1,0,0,1,0,0,0,0,0,0,0,0,149990.0
16,512,0,64,0,1,1,14.0,0,0,0,1,0,0,0,0,1,0,0,1,0,0,1,0,0,0,0,0,0,0,0,99999.0
16,0,1024,64,0,0,0,15.6,0,0,0,0,0,0,0,0,1,0,0,1,0,1,1,0,0,0,0,0,0,0,0,61597.0
16,512,0,64,2,0,0,15.6,0,0,1,0,0,0,0,0,1,0,0,1,0,0,1,0,0,0,0,0,0,0,0,71290.0
16,512,0,32,6,0,0,15.0,0,1,0,0,0,0,0,0,1,0,0,1,0,0,1,0,0,0,0,0,0,0,0,146490.0
16,256,1024,64,4,0,0,15.6,0,0,0,0,1,0,0,0,1,0,0,1,1,0,1,0,0,0,0,0,0,0,0,74999.0
16,512,0,64,4,0,0,15.6,0,0,0,0,1,0,0,0,0,0,0,1,0,0,1,0,0,0,0,0,0,0,0,106990.0
16,512,0,64,2,0,0,14.0,0,0,0,0,0,1,0,0,1,0,0,1,0,0,1,0,0,0,0,0,0,0,0,104990.0
16,512,0,64,4,0,0,15.0,0,1,0,0,0,0,0,0,1,0,0,1,0,0,1,0,0,0,0,0,0,0,0,175190.0
16,0,1024,64,0,0,1,15.6,0,0,0,1,0,0,0,0,1,0,0,1,0,1,1,0,0,0,0,0,0,0,0,40750.0
16,256,1024,64,0,0,1,14.0,0,0,1,0,0,0,0,0,1,0,0,1,0,1,1,0,0,0,0,0,0,0,0,39990.0
16,0,1024,64,0,0,0,14.0,0,1,0,0,0,0,0,0,1,0,0,1,0,1,1,0,0,0,0,0,0,0,0,81990.0
16,1024,0,64,0,0,0,14.0,0,1,0,0,0,0,0,0,1,0,0,1,0,0,1,0,0,0,0,0,0,0,0,167990.0
16,512,0,32,4,0,0,15.6,0,1,0,0,0,0,0,0,0,0,0,1,0,0,1,0,0,0,0,0,0,0,0,79990.0
16,512,0,64,0,0,1,14.0,0,0,1,0,0,0,0,0,1,0,0,1,0,1,1,0,0,0,0,0,0,0,0,79500.0
16,0,1024,64,2,0,0,14.0,0,1,0,0,0,0,0,0,1,0,0,1,0,0,1,0,0,0,0,0,0,0,0,93990.0
16,512,0,64,2,0,1,14.0,0,0,1,0,0,0,0,0,1,0,0,1,0,0,1,0,0,0,0,0,0,0,0,82990.0
16,1024,0,64,0,0,0,14.0,0,1,0,0,0,0,0,0,0,0,0,1,0,0,1,0,0,0,0,0,0,0,0,144990.0
16,0,1024,64,0,0,0,14.0,0,1,0,0,0,0,0,0,1,0,0,1,0,0,1,0,0,0,0,0,0,0,0,61249.0
16,0,1024,64,0,0,1,15.6,0,0,1,0,0,0,0,0,1,0,0,1,0,1,1,0,0,0,0,0,0,0,0,43000.0
16,512,0,64,2,0,1,15.6,0,0,1,0,0,0,0,0,1,0,0,1,0,0,1,0,0,0,0,0,0,0,0,70980.0
16,256,0,64,0,0,0,15.6,0,0,0,0,0,0,0,0,0,0,0,1,0,0,1,0,0,0,0,0,0,0,0,31990.0
16,512,0,64,0,1,0,13.3,0,1,0,0,0,0,0,0,1,0,0,1,0,1,1,0,0,0,0,0,0,0,0,109990.0
16,512,0,64,0,0,0,13.3,0,1,0,0,0,0,0,0,1,0,0,1,0,1,1,0,0,0,0,0,0,0,0,99990.0
16,512,0,64,0,0,0,15.0,0,0,0,0,0,0,1,0,1,0,0,1,0,0,1,0,0,0,0,0,0,0,0,13990.0
16,512,0,64,0,1,0,14.0,0,1,0,0,0,0,0,0,1,0,0,1,0,0,1,0,0,0,0,0,0,0,0,99990.0
16,256,1024,64,0,0,0,14.0,0,1,0,0,0,0,0,0,1,0,0,1,0,1,1,0,0,0,0,0,0,0,0,98912.0
16,512,0,64,0,0,1,15.6,0,0,0,1,0,0,0,0,1,0,0,1,0,1,1,0,0,0,0,0,0,0,0,48900.0
16,256,0,64,0,1,1,13.3,0,0,0,1,0,0,0,0,1,0,0,1,0,0,1,0,0,0,0,0,0,0,0,136590.0
16,512,0,64,2,0,0,14.0,0,0,0,0,1,0,0,0,1,0,0,1,0,1,1,0,0,0,0,0,0,0,0,244801.0
16,256,0,64,0,0,0,15.6,0,0,1,0,0,0,0,0,1,0,0,1,0,1,1,0,0,0,0,0,0,0,0,39990.0
16,512,0,32,0,0,0,15.6,0,0,0,0,1,0,0,0,0,0,0,1,0,0,1,0,0,0,0,0,0,0,0,59900.0
16,512,0,32,0,0,0,13.3,0,0,0,1,0,0,0,0,1,0,0,1,0,0,1,0,0,0,0,0,0,0,0,94000.0
16,512,0,32,2,0,0,15.0,0,0,0,0,1,0,0,0,1,0,0,1,0,0,1,0,0,0,0,0,0,0,0,46990.0
16,2048,0,64,0,0,0,14.0,0,1,0,0,0,0,0,0,1,0,0,1,0,0,1,0,0,0,0,0,0,0,0,233990.0
16,1024,0,64,0,1,0,13.5,0,0,0,1,0,0,0,0,1,0,0,1,0,0,1,0,0,0,0,0,0,0,0,165000.0
16,512,0,64,2,1,0,14.0,0,0,1,0,0,0,0,0,1,0,0,1,0,0,1,0,0,0,0,0,0,0,0,82990.0
16,256,0,64,4,0,1,13.3,0,0,1,0,0,0,0,0,1,0,0,1,0,0,1,0,0,0,0,0,0,0,0,87990.0
16,512,0,64,0,0,0,13.3,0,1,0,0,0,0,0,0,1,0,0,1,0,1,1,0,0,0,0,0,0,0,0,94990.0
16,512,0,64,0,0,0,14.0,0,0,0,0,0,1,0,0,1,0,0,1,0,0,1,0,0,0,0,0,0,0,0,79990.0
16,128,0,64,0,0,0,14.0,0,0,0,0,0,0,1,0,0,0,0,1,0,1,1,0,0,0,0,0,0,0,0,19990.0
16,256,1024,64,0,0,0,14.0,0,0,0,1,0,0,0,0,0,0,0,1,0,1,1,0,0,0,0,0,0,0,0,52990.0
16,512,0,64,0,0,1,13.3,0,0,0,0,1,0,0,0,1,0,0,1,0,1,1,0,0,0,0,0,0,0,0,86000.0
16,512,0,64,0,0,0,14.0,0,1,0,0,0,0,0,0,1,0,0,1,0,1,1,0,0,0,0,0,0,0,0,85990.0
16,512,0,64,2,0,0,14.0,0,1,0,0,0,0,0,0,1,0,0,1,0,0,1,0,0,0,0,0,0,0,0,86990.0
16,512,0,64,2,0,1,14.0,0,1,0,0,0,0,0,0,1,0,0,1,0,0,1,0,0,0,0,0,0,0,0,105990.0
16,0,1024,64,0,0,0,15.6,0,1,0,0,0,0,0,0,1,0,0,1,0,0,1,0,0,0,0,0,0,0,0,38000.0
16,512,0,32,2,0,0,12.0,0,0,0,0,1,0,0,0,1,0,0,1,0,0,1,0,0,0,0,0,0,0,0,162399.0
16,256,0,64,0,0,0,15.6,0,0,0,0,1,0,0,0,1,0,0,1,0,1,1,0,0,0,0,0,0,0,0,43990.0
16,1024,0,64,4,0,0,14.0,0,1,0,0,0,0,0,0,0,0,0,1,0,0,1,0,0,0,0,0,0,0,0,149990.0
16,512,0,64,0,1,1,14.0,0,0,1,0,0,0,0,0,0,0,0,1,0,0,0,1,0,0,0,0,0,0,0,89570.0
16,512,0,64,0,0,1,15.6,0,0,0,1,0,0,0,0,0,0,0,1,0,1,0,1,0,0,0,0,0,0,0,54590.0
16,512,0,64,0,0,0,14.0,0,1,0,0,0,0,0,0,1,0,0,1,0,0,0,1,0,0,0,0,0,0,0,40990.0
16,512,0,64,0,0,0,14.0,0,1,0,0,0,0,0,0,1,0,0,1,0,0,0,1,0,0,0,0,0,0,0,84990.0
16,256,0,64,0,0,0,14.0,0,1,0,0,0,0,0,0,1,0,0,1,0,1,0,1,0,0,0,0,0,0,0,36990.0
16,256,1024,64,0,0,1,15.6,0,1,0,0,0,0,0,0,0,0,0,1,0,1,0,1,0,0,0,0,0,0,0,75100.0
16,512,0,64,2,0,1,15.6,0,0,0,0,1,0,0,0,1,0,0,1,0,0,0,1,0,0,0,0,0,0,0,59999.0
16,0,1024,32,0,0,0,14.0,0,0,1,0,0,0,0,0,1,0,0,1,0,0,0,1,0,0,0,0,0,0,0,58990.0
16,512,0,32,0,0,0,14.0,0,0,0,1,0,0,0,0,1,0,0,1,0,0,0,1,0,0,0,0,0,0,0,119599.0
16,512,0,32,4,0,0,15.0,0,0,0,0,1,0,0,0,1,0,0,1,0,0,0,1,0,0,0,0,0,0,0,77890.0
16,512,0,64,0,1,1,14.0,0,0,1,0,0,0,0,0,0,0,0,1,0,0,0,1,0,0,0,0,0,0,0,75500.0
16,512,0,64,0,0,0,15.6,0,0,1,0,0,0,0,0,1,0,0,1,0,0,0,1,0,0,0,0,0,0,0,41790.0
16,512,0,64,0,0,1,14.0,0,0,0,0,1,0,0,0,1,0,0,1,0,0,0,1,0,0,0,0,0,0,0,91999.0
16,512,0,64,0,1,1,14.0,0,0,0,0,1,0,0,0,1,0,0,1,0,0,0,1,0,0,0,0,0,0,0,57999.0
16,512,0,64,0,0,0,14.0,0,0,0,0,1,0,0,0,1,0,0,1,0,1,0,1,0,0,0,0,0,0,0,211753.0
16,256,1024,64,0,0,1,15.6,0,1,0,0,0,0,0,0,1,0,0,1,0,0,0,1,0,0,0,0,0,0,0,68900.0
16,0,1024,64,0,0,0,14.0,0,0,0,0,1,0,0,0,0,0,0,1,0,0,0,1,0,0,0,0,0,0,0,21896.0
16,512,0,64,0,1,1,14.0,0,0,1,0,0,0,0,0,1,0,0,1,0,0,0,1,0,0,0,0,0,0,0,78900.0
16,0,1024,64,2,0,0,14.0,0,1,0,0,0,0,0,0,1,0,0,1,0,0,0,1,0,0,0,0,0,0,0,83990.0
16,512,0,64,0,0,0,14.0,0,1,0,0,0,0,0,0,1,0,0,1,0,0,0,1,0,0,0,0,0,0,0,132790.0
16,1024,0,64,4,0,0,14.0,0,1,0,0,0,0,0,0,0,0,0,1,0,0,0,1,0,0,0,0,0,0,0,142990.0
16,512,0,64,0,0,1,15.6,0,0,0,1,0,0,0,0,0,0,0,1,0,1,0,1,0,0,0,0,0,0,0,68500.0
16,128,0,64,0,0,0,14.0,0,0,0,0,0,0,1,0,0,0,0,1,0,1,0,1,0,0,0,0,0,0,0,21490.0
16,512,0,32,4,0,0,15.0,0,0,1,0,0,0,0,0,1,0,0,1,0,0,0,1,0,0,0,0,0,0,0,75500.0
16,512,0,64,0,0,1,15.6,0,0,0,1,0,0,0,0,0,0,0,1,0,1,0,1,0,0,0,0,0,0,0,51890.0
16,0,1024,32,2,0,0,14.0,0,1,0,0,0,0,0,0,1,0,0,1,0,0,0,1,0,0,0,0,0,0,0,58799.0
16,0,1024,64,0,0,1,14.96,0,0,1,0,0,0,0,0,1,0,0,1,0,1,0,1,0,0,0,0,0,0,0,37990.0
16,0,1024,32,0,0,0,14.0,0,0,0,1,0,0,0,0,0,0,0,1,0,0,0,1,0,0,0,0,0,0,0,20900.0
16,512,0,64,0,0,0,14.0,0,0,0,0,0,0,1,0,1,0,0,1,0,1,0,1,0,0,0,0,0,0,0,55990.0
16,0,1024,32,0,0,0,14.0,0,0,0,0,1,0,0,0,1,0,0,1,0,0,0,1,0,0,0,0,0,0,0,49999.0
16,512,0,32,0,0,0,15.0,0,0,0,1,0,0,0,0,0,1,0,1,0,0,0,1,0,0,0,0,0,0,0,22490.0
16,512,0,64,0,0,0,15.0,0,1,0,0,0,0,0,0,1,0,0,1,0,0,0,1,0,0,0,0,0,0,0,18990.0
16,512,0,32,0,0,0,15.0,0,0,0,1,0,0,0,0,0,1,0,1,0,0,0,1,0,0,0,0,0,0,0,22990.0
16,256,0,64,0,0,0,15.6,0,0,1,0,0,0,0,0,1,0,0,1,0,0,0,1,0,0,0,0,0,0,0,48500.0
16,512,0,64,0,0,0,17.3,0,1,0,0,0,0,0,0,0,0,0,1,0,0,0,1,0,0,0,0,0,0,0,78000.0
16,1024,0,64,0,0,0,13.3,0,0,1,0,0,0,0,0,1,0,0,1,0,1,0,1,0,0,0,0,0,0,0,74190.0
16,0,1024,32,2,0,0,15.6,0,0,0,1,0,0,0,0,1,0,0,1,0,0,0,1,0,0,0,0,0,0,0,46200.0
16,0,1024,64,2,0,1,15.6,0,0,0,1,0,0,0,0,1,0,0,1,0,0,0,1,0,0,0,0,0,0,0,64990.0
16,512,0,64,0,0,0,15.0,0,0,0,1,0,0,0,0,1,0,0,1,0,0,0,1,0,0,0,0,0,0,0,26470.0
16,512,0,64,4,0,0,15.6,0,0,0,0,1,0,0,0,1,0,0,1,1,0,0,1,0,0,0,0,0,0,0,60990.0
16,512,0,64,0,0,0,15.0,0,0,0,0,1,0,0,0,1,0,0,1,0,0,0,1,0,0,0,0,0,0,0,25990.0
16,512,0,32,0,0,0,14.0,0,0,0,0,1,0,0,0,1,0,0,1,0,0,0,1,0,0,0,0,0,0,0,110999.0
16,256,0,64,0,0,0,14.0,0,0,0,0,0,0,1,0,0,0,0,1,0,1,0,1,0,0,0,0,0,0,0,24990.0
16,512,0,32,0,0,0,15.0,0,1,0,0,0,0,0,0,1,0,0,1,0,0,0,1,0,0,0,0,0,0,0,17990.0
16,256,1024,64,2,0,0,15.6,0,0,1,0,0,0,0,0,1,0,0,1,0,0,0,1,0,0,0,0,0,0,0,71695.0
16,512,0,64,0,0,0,13.3,0,0,0,0,0,0,1,0,1,0,0,1,0,1,0,1,0,0,0,0,0,0,0,65556.0
16,512,0,64,0,0,0,15.0,0,0,0,1,0,0,0,0,1,0,0,1,0,0,0,1,0,0,0,0,0,0,0,27990.0
16,0,1024,64,2,0,0,15.6,0,0,0,1,0,0,0,0,1,0,0,1,0,0,0,1,0,0,0,0,0,0,0,49279.0
16,512,0,64,0,0,0,15.0,0,0,0,0,0,0,1,0,1,0,0,1,0,0,0,1,0,0,0,0,0,0,0,17490.0
16,1024,0,64,6,0,0,15.6,0,1,0,0,0,0,0,0,1,0,0,1,1,0,0,1,0,0,0,0,0,0,0,139990.0
16,1024,0,64,0,0,0,14.0,0,0,0,0,0,0,1,0,1,0,0,1,0,1,0,1,0,0,0,0,0,0,0,62990.0
16,32,0,32,4,0,0,14.0,0,0,0,1,0,0,0,0,0,0,0,1,0,0,0,1,0,0,0,0,0,0,0,26899.0
16,1024,0,64,0,0,1,13.0,0,0,0,0,1,0,0,0,1,0,0,1,0,0,0,1,0,0,0,0,0,0,0,85990.0
16,0,1024,32,0,0,0,15.6,0,0,0,0,1,0,0,0,1,0,0,1,0,0,0,1,0,0,0,0,0,0,0,38999.0
16,512,0,64,0,0,0,15.6,0,0,1,0,0,0,0,0,1,0,0,1,0,1,0,1,0,0,0,0,0,0,0,70190.0
16,512,0,64,0,0,1,15.6,0,0,0,0,0,0,1,0,0,0,0,1,0,1,0,1,0,0,0,0,0,0,0,50990.0
16,512,0,64,2,1,0,14.0,0,0,1,0,0,0,0,0,1,0,0,1,0,0,0,1,0,0,0,0,0,0,0,79590.0
16,512,0,64,0,0,1,14.0,0,0,0,1,0,0,0,0,0,0,0,1,0,1,0,0,1,0,0,0,0,0,0,59999.0
16,0,1024,64,0,0,0,15.6,0,0,0,1,0,0,0,0,0,0,0,1,0,0,0,0,1,0,0,0,0,0,0,32917.0
16,512,0,64,0,0,0,13.3,0,0,0,0,0,0,1,0,1,0,0,1,0,1,0,0,1,0,0,0,0,0,0,65556.0
16,512,0,32,0,0,0,15.0,0,0,0,1,0,0,0,0,1,0,0,1,0,1,0,0,1,0,0,0,0,0,0,55990.0
16,512,0,64,4,0,0,15.6,0,1,0,0,0,0,0,0,1,0,0,1,0,0,0,0,1,0,0,0,0,0,0,76990.0
16,256,0,64,0,0,0,15.6,0,1,0,0,0,0,0,0,1,0,0,1,0,0,0,0,1,0,0,0,0,0,0,48990.0
16,1024,0,64,2,0,1,13.3,0,0,0,1,0,0,0,0,1,0,0,1,0,0,0,0,1,0,0,0,0,0,0,94990.0
16,512,0,64,0,0,0,14.0,0,0,0,0,0,0,1,0,1,0,0,1,0,1,0,0,1,0,0,0,0,0,0,52790.0
16,512,0,64,4,0,0,15.6,0,0,1,0,0,0,0,0,1,0,0,1,0,0,0,0,1,0,0,0,0,0,0,99990.0
16,1024,0,64,6,0,1,16.1,0,0,0,1,0,0,0,0,1,0,0,1,0,0,0,0,1,0,0,0,0,0,0,136990.0
16,512,0,64,0,0,0,15.6,0,0,1,0,0,0,0,0,1,0,0,1,0,1,0,0,1,0,0,0,0,0,0,45930.0
16,512,0,64,0,0,0,14.0,0,0,0,0,1,0,0,0,0,0,0,1,0,0,0,0,1,0,0,0,0,0,0,73400.0
16,512,0,64,0,1,1,14.0,0,0,0,1,0,0,0,0,1,0,0,1,0,0,0,0,1,0,0,0,0,0,0,55490.0
16,512,0,32,0,0,0,15.0,0,0,0,0,0,0,0,0,1,0,0,1,0,0,0,0,1,0,0,0,0,0,0,94190.0
16,512,0,64,0,0,1,15.6,0,0,0,0,0,0,1,0,0,0,0,1,0,1,0,0,1,0,0,0,0,0,0,57990.0
16,1024,0,64,8,0,1,15.6,0,0,0,0,1,0,0,0,1,0,0,1,0,0,0,0,1,0,0,0,0,0,0,234990.0
16,256,0,64,0,1,0,14.0,0,0,0,1,0,0,0,0,1,0,0,1,0,0,0,0,1,0,0,0,0,0,0,56490.0
16,512,0,64,0,0,0,14.0,0,0,0,0,0,0,1,0,1,0,0,1,0,1,0,0,1,0,0,0,0,0,0,44990.0
16,512,0,64,0,1,1,13.3,0,1,0,0,0,0,0,0,1,0,0,1,0,0,0,0,1,0,0,0,0,0,0,84990.0
16,1024,0,64,0,0,1,13.3,0,1,0,0,0,0,0,0,0,0,0,1,0,1,0,0,1,0,0,0,0,0,0,84970.0
16,0,1024,64,0,0,0,15.6,0,0,0,1,0,0,0,0,1,0,0,1,0,0,0,0,1,0,0,0,0,0,0,46790.0
16,128,0,64,0,1,0,12.2,0,0,0,0,0,0,1,0,1,0,0,1,0,0,0,0,1,0,0,0,0,0,0,52990.0
16,512,0,64,0,0,0,15.6,0,0,1,0,0,0,0,0,0,0,0,1,0,1,0,0,1,0,0,0,0,0,0,42090.0
16,512,0,64,4,0,1,15.6,0,0,0,1,0,0,0,0,0,0,0,1,1,0,0,0,1,0,0,0,0,0,0,64990.0
16,512,0,64,0,0,0,15.0,0,1,0,0,0,0,0,0,1,0,0,1,0,0,0,0,1,0,0,0,0,0,0,22990.0
16,512,0,64,2,0,1,14.0,0,0,0,1,0,0,0,0,0,0,0,1,0,0,0,0,0,0,0,0,1,0,0,79990.0
16,512,0,64,2,1,1,14.0,0,0,0,0,1,0,0,0,1,0,0,1,0,0,0,0,0,0,1,0,0,0,0,86999.0
