brand,model,processor_brand,processor_name,ram_gb,ram_type,ssd,hdd,os,os_bit,graphic_card_gb,laptop_type,warranty,touchscreen,msoffice,price,processor_gen,cpu_family,display_inch,total_storage_gb
ASUS,celeron,Intel,5,4.0,Cooling,0,1024,Windows,64,0,Casual,1,No,No,23990.0,,,15.6,1024
ASUS,vivobook,Intel,5,4.0,DDR3,512,0,Windows,64,0,Casual,1,No,No,37990.0,10.0,,15.6,512
ASUS,vivobook,Intel,A6-9225 Processor,4.0,DDR3,0,1024,Windows,64,0,Casual,1,No,No,,10.0,Entry level,14.1,1024
HP,core,Intel,APU Dual,4.0,DDR3,512,0,Windows,64,0,ThinNlight,1,No,Yes,54990.0,11.0,Entry level,15.6,512
HP,core,Intel,APU Dual,4.0,DDR3,512,0,Windows,64,0,ThinNlight,0,No,No,54990.0,11.0,Entry level,15.6,512
LENOVO,ideapad,Intel,APU Dual,4.0,DDR3,0,1024,Windows,64,0,ThinNlight,1,No,Yes,35990.0,10.0,Entry level,15.6,1024
HP,15s,AMD,APU Dual,4.0,DDR3,256,1024,Windows,64,0,Casual,1,No,Yes,41999.0,,Entry level,15.6,1280
ASUS,core,Intel,APU Dual,4.0,DDR3,256,0,Windows,64,0,ThinNlight,0,No,No,34429.0,11.0,Entry level,14.0,256
DELL,vostro,Intel,APU Dual,4.0,DDR3,256,1024,Windows,64,0,ThinNlight,1,No,Yes,41490.0,10.0,Entry level,15.6,1280
LENOVO,ideapad,Intel,APU Dual,4.0,DDR3,256,0,Windows,32,0,ThinNlight,2,No,Yes,37990.0,10.0,Entry level,15.6,256
HP,core,Intel,Athlon Dual,4.0,DDR3,512,0,Windows,64,0,ThinNlight,1,No,No,53990.0,11.0,Entry level,15.6,512
HP,ryzen,AMD,Athlon Dual,4.0,DDR3,256,0,Windows,64,0,ThinNlight,1,No,No,37990.0,,Entry level,15.6,256
HP,pavilion,AMD,Celeron Dual,4.0,DDR3,512,0,Windows,64,4,Casual,1,No,No,57990.0,,Entry level,15.6,512
LENOVO,ideapad,Intel,Celeron Dual,4.0,DDR4,512,0,Windows,64,0,Casual,2,No,Yes,52990.0,11.0,Entry level,14.0,512
ASUS,vivobook,Intel,Celeron Dual,4.0,DDR4,256,0,Windows,32,0,Casual,1,No,Yes,35990.0,11.0,Entry level,15.6,256
DELL,vostro,AMD,Celeron Dual,4.0,DDR4,0,1024,Windows,64,0,ThinNlight,1,No,Yes,35990.0,,Entry level,14.0,1024
ASUS,vivobook,Intel,Celeron Dual,4.0,DDR4,256,0,Windows,64,0,ThinNlight,0,No,No,33980.0,10.0,Entry level,14.0,256
HP,pavilion,Intel,Celeron Dual,4.0,DDR4,512,0,Windows,64,0,ThinNlight,1,No,Yes,67990.0,11.0,Entry level,14.0,512
HP,core,Intel,Celeron Dual,4.0,DDR4,256,0,Windows,64,0,ThinNlight,1,No,Yes,39990.0,11.0,Entry level,14.0,256
APPLE,2020,Apple,Celeron Dual,4.0,DDR4,256,0,Mac,64,0,Casual,1,No,No,85990.0,,Entry level,13.3,256
ASUS,vivobook,Intel,Celeron Dual,4.0,DDR4,256,0,Windows,64,0,ThinNlight,0,No,No,29990.0,,Entry level,14.0,256
ACER,aspire,Intel,Celeron Dual,4.0,DDR4,0,0,Missing,32,4,Casual,0,No,No,50990.0,,Entry level,0.0,0
ASUS,vivobook,Intel,Celeron Dual,4.0,DDR4,512,0,Windows,64,0,Casual,1,No,No,57990.0,10.0,Entry level,15.6,512
HP,core,Intel,Celeron Dual,4.0,DDR4,512,0,Windows,64,0,ThinNlight,1,No,Yes,42990.0,11.0,Entry level,15.6,512
LENOVO,ideapad,Intel,Celeron Dual,4.0,DDR4,256,0,Windows,64,0,ThinNlight,0,No,No,31999.0,,Entry level,14.0,256
DELL,vostro,Intel,Celeron Dual,4.0,DDR4,256,0,Windows,64,0,ThinNlight,1,No,Yes,39490.0,10.0,Entry level,14.0,256
DELL,inspiron,Intel,Celeron Dual,4.0,DDR4,256,1024,Windows,64,0,Casual,0,No,No,,11.0,Entry level,15.6,1280
MSI,gf63,Intel,Celeron Dual,4.0,DDR4,256,1024,Windows,64,4,Casual,2,No,No,55990.0,,Entry level,15.6,1280
MSI,gf63,Intel,Celeron Dual,4.0,DDR4,256,1024,Windows,64,4,Casual,2,No,No,63990.0,10.0,Entry level,15.6,1280
ASUS,tuf,Intel,Celeron Dual,4.0,DDR4,512,0,Windows,64,4,Gaming,1,No,No,57990.0,10.0,Entry level,15.6,512
ASUS,ryzen,AMD,Celeron Dual,4.0,DDR4,256,0,Windows,64,0,ThinNlight,1,No,No,35990.0,,Entry level,15.6,256
LENOVO,ideapad,Intel,Celeron Dual,4.0,DDR4,512,0,Windows,64,0,ThinNlight,1,No,Yes,62300.0,11.0,Entry level,15.6,512
REALME,book(slim),Intel,Core,4.0,DDR4,512,0,Windows,64,0,Casual,1,No,Yes,52990.0,11.0,,14.0,512
ACER,aspire,AMD,Core i3,4.0,DDR4,512,0,Windows,64,0,Casual,1,No,No,36990.0,,Intel Core i3,15.6,512
REDMIBOOK,15,Intel,Core i3,4.0,DDR4,256,0,Windows,32,0,ThinNlight,1,No,No,38990.0,11.0,Intel Core i3,15.6,256
ASUS,vivobook,Intel,Core i3,4.0,DDR4,256,1024,Windows,32,0,Casual,1,No,Yes,50990.0,11.0,Intel Core i3,15.6,1280
ASUS,vivobook,Intel,Core i3,4.0,DDR4,512,0,Windows,64,4,Gaming,0,No,No,61990.0,10.0,Intel Core i3,15.6,512
MSI,gf65,Intel,Core i3,4.0,DDR4,1024,0,Windows,64,6,Casual,2,No,No,84990.0,10.0,Intel Core i3,15.6,1024
DELL,inspiron,AMD,Core i3,4.0,DDR4,256,0,Windows,64,0,ThinNlight,0,No,No,39490.0,,Intel Core i3,15.6,256
ASUS,vivobook,Intel,Core i3,4.0,DDR4,256,1024,Windows,64,4,Gaming,0,No,No,55990.0,10.0,Intel Core i3,15.6,1280
HP,pavilion,Intel,Core i3,4.0,DDR4,256,0,Windows,64,0,Casual,1,Yes,Yes,53990.0,11.0,Intel Core i3,14.0,256
DELL,vostro,AMD,Core i3,4.0,DDR4,256,0,Windows,64,0,Casual,1,No,Yes,41990.0,,Intel Core i3,14.0,256
LENOVO,core,Intel,Core i3,4.0,DDR4,512,0,Windows,64,0,ThinNlight,1,No,No,52990.0,11.0,Intel Core i3,15.6,512
ACER,aspire,Intel,Core i3,4.0,DDR4,256,0,Windows,64,0,ThinNlight,1,No,No,38990.0,11.0,Intel Core i3,15.6,256
REALME,book,Intel,Core i3,4.0,DDR4,256,0,Windows,64,0,ThinNlight,1,No,Yes,46990.0,11.0,Intel Core i3,14.0,256
ASUS,vivobook,Intel,Core i3,4.0,DDR4,512,0,Windows,64,0,Casual,1,No,No,35990.0,10.0,Intel Core i3,15.6,512
LENOVO,ideapad,AMD,Core i3,4.0,DDR4,512,0,Windows,64,4,Gaming,1,No,Yes,56990.0,,Intel Core i3,15.6,512
LENOVO,ideapad,Intel,Core i3,4.0,DDR4,512,0,Windows,64,0,ThinNlight,2,No,Yes,51990.0,11.0,Intel Core i3,15.6,512
LENOVO,ideapad,AMD,Core i3,4.0,DDR4,512,0,Windows,64,0,ThinNlight,1,No,No,48990.0,,Intel Core i3,15.6,512
LENOVO,ideapad,Intel,Core i3,4.0,DDR4,512,0,Windows,64,0,ThinNlight,0,No,No,61990.0,11.0,Intel Core i3,14.0,512
DELL,inspiron,AMD,Core i3,4.0,DDR4,256,1024,Windows,64,0,Casual,0,No,No,49490.0,,Intel Core i3,15.6,1280
DELL,inspiron,Intel,Core i3,4.0,DDR4,0,1024,Windows,64,0,ThinNlight,0,No,No,42490.0,11.0,Intel Core i3,15.6,1024
ACER,aspire,AMD,Core i3,4.0,DDR4,0,0,Missing,32,4,Casual,0,No,No,54990.0,,Intel Core i3,0.0,0
ASUS,vivobook,AMD,Core i3,4.0,DDR4,256,1024,Windows,64,0,Casual,1,No,No,54990.0,,Intel Core i3,15.6,1280
REDMIBOOK,15,Intel,Core i3,4.0,DDR4,512,0,Windows,32,0,ThinNlight,1,No,No,42990.0,11.0,Intel Core i3,15.6,512
LENOVO,legion,AMD,Core i3,4.0,DDR4,256,1024,Windows,64,4,Casual,0,No,No,68500.0,,Intel Core i3,15.6,1280
HP,ryzen,AMD,Core i3,4.0,DDR4,512,0,Windows,64,0,ThinNlight,1,No,Yes,49970.0,,Intel Core i3,14.0,512
LENOVO,ideapad,Intel,Core i3,4.0,DDR4,256,0,Windows,64,0,Casual,2,No,Yes,49490.0,11.0,Intel Core i3,15.6,256
ASUS,vivobook,Intel,Core i3,4.0,DDR4,512,0,Windows,64,0,Casual,1,No,No,42990.0,11.0,Intel Core i3,14.0,512
MSI,modern,AMD,Core i3,4.0,DDR4,512,0,Windows,64,0,Casual,0,No,No,47990.0,,Intel Core i3,14.0,512
HP,ryzen,AMD,Core i3,4.0,DDR4,512,0,Windows,64,0,ThinNlight,1,No,Yes,48990.0,,Intel Core i3,15.6,512
ASUS,core,Intel,Core i3,4.0,DDR4,256,0,Windows,64,0,ThinNlight,1,No,No,37990.0,11.0,Intel Core i3,15.6,256
ASUS,vivobook,Intel,Core i3,4.0,DDR4,256,0,Windows,64,0,Casual,1,No,Yes,37890.0,11.0,Intel Core i3,14.0,256
REDMIBOOK,pro,Intel,Core i3,4.0,DDR4,512,0,Windows,32,0,ThinNlight,1,No,No,48990.0,11.0,Intel Core i3,15.6,512
HP,pavilion,AMD,Core i3,4.0,DDR4,256,1024,Windows,64,4,Gaming,1,No,Yes,,,Intel Core i3,15.6,1280
APPLE,2020,Apple,Core i3,4.0,DDR4,256,0,Mac,64,0,Casual,1,No,No,112990.0,,Intel Core i3,13.3,256
LENOVO,ideapad,Intel,Core i3,4.0,DDR4,256,0,Windows,64,0,ThinNlight,1,No,No,38990.0,11.0,Intel Core i3,14.0,256
ASUS,vivobook,Intel,Core i3,4.0,DDR4,512,0,Windows,32,0,Casual,1,Yes,Yes,63990.0,11.0,Intel Core i3,14.0,512
ASUS,vivobook,Intel,Core i3,4.0,DDR4,512,0,Windows,32,0,Casual,1,Yes,Yes,51990.0,11.0,Intel Core i3,14.0,512
LENOVO,thinkpad,Intel,Core i3,4.0,DDR4,512,0,Windows,64,0,Casual,1,No,Yes,65990.0,11.0,Intel Core i3,15.6,512
NOKIA,purebook,Intel,Core i3,4.0,DDR4,512,0,Windows,64,0,ThinNlight,0,No,No,47990.0,10.0,Intel Core i3,14.0,512
ACER,swift,AMD,Core i3,4.0,DDR4,512,0,Windows,64,0,ThinNlight,1,No,No,53990.0,,Intel Core i3,14.0,512
ASUS,vivobook,Intel,Core i3,4.0,DDR4,512,0,Windows,64,0,Casual,1,No,No,48990.0,11.0,Intel Core i3,15.6,512
ACER,aspire,Intel,Core i3,4.0,DDR4,512,0,Windows,64,0,ThinNlight,1,No,No,52990.0,11.0,Intel Core i3,15.6,512
APPLE,macbook,Apple,Core i3,4.0,DDR4,512,0,Mac,64,0,Casual,1,No,No,149990.0,,Intel Core i3,13.3,512
ACER,predator,Intel,Core i3,4.0,DDR4,512,1024,Windows,64,4,Casual,1,No,No,92990.0,11.0,Intel Core i3,15.6,1536
ASUS,asus,AMD,Core i3,4.0,DDR4,512,0,Windows,32,4,Gaming,0,No,No,76990.0,,Intel Core i3,17.3,512
LENOVO,ideapad,Intel,Core i3,4.0,DDR4,512,0,Windows,64,0,ThinNlight,1,No,No,49990.0,10.0,Intel Core i3,15.6,512
ASUS,asus,Intel,Core i3,4.0,DDR4,512,0,Windows,64,4,Gaming,0,No,No,71990.0,11.0,Intel Core i3,17.3,512
LENOVO,ideapad,Intel,Core i3,4.0,DDR4,256,0,Windows,64,0,ThinNlight,0,No,No,37990.0,10.0,Intel Core i3,14.0,256
ASUS,vivobook,Intel,Core i3,4.0,DDR4,512,0,Windows,64,0,Casual,1,No,No,47990.0,10.0,Intel Core i3,15.6,512
ASUS,asus,Intel,Core i3,4.0,DDR4,1024,0,Windows,64,4,Gaming,0,No,No,75990.0,11.0,Intel Core i3,15.6,1024
NOKIA,purebook,Intel,Core i3,4.0,DDR4,512,0,Windows,64,0,ThinNlight,0,No,No,45990.0,10.0,Intel Core i3,14.0,512
LENOVO,ideapad,Intel,Core i3,4.0,DDR4,512,0,Windows,32,0,ThinNlight,2,No,Yes,48490.0,10.0,Intel Core i3,15.6,512
ASUS,asus,Intel,Core i3,4.0,DDR4,512,0,Windows,64,4,Gaming,0,No,No,72990.0,11.0,Intel Core i3,17.3,512
ASUS,vivobook,AMD,Core i3,4.0,DDR4,256,1024,Windows,64,0,Casual,1,No,No,54990.0,,Intel Core i3,15.6,1280
MSI,katana,Intel,Core i3,4.0,DDR4,512,0,Windows,64,4,Casual,2,No,No,76990.0,11.0,Intel Core i3,15.6,512
APPLE,macbook,Apple,Core i3,4.0,DDR4,256,0,Mac,64,0,Casual,1,No,No,104990.0,,Intel Core i3,13.3,256
MSI,gf65,Intel,Core i3,4.0,DDR4,512,0,Windows,64,6,Casual,2,No,No,76990.0,,Intel Core i3,15.6,512
ACER,aspire,Intel,Core i3,4.0,DDR4,256,1024,Windows,64,0,Casual,1,No,No,57990.0,11.0,Intel Core i3,15.6,1280
ASUS,vivobook,Intel,Core i3,4.0,DDR4,256,1024,Windows,64,0,Casual,1,No,No,52990.0,11.0,Intel Core i3,15.6,1280
DELL,vostro,Intel,Core i3,4.0,DDR4,256,0,Windows,64,0,ThinNlight,1,No,Yes,41990.0,11.0,Intel Core i3,14.96,256
LENOVO,ideapad,AMD,Core i3,4.0,DDR4,512,0,Windows,64,0,Casual,1,No,Yes,52990.0,,Intel Core i3,15.6,512
ASUS,tuf,Intel,Core i3,4.0,DDR4,512,0,Windows,64,6,Gaming,1,No,Yes,89990.0,11.0,Intel Core i3,15.6,512
ASUS,vivobook,Intel,Core i3,4.0,DDR4,512,0,Windows,64,0,Casual,1,No,No,42990.0,11.0,Intel Core i3,14.0,512
APPLE,2020,Apple,Core i3,4.0,DDR4,512,0,Mac,64,0,Casual,1,No,No,125990.0,,Intel Core i3,13.3,512
ASUS,vivobook,Intel,Core i3,4.0,DDR4,256,0,Windows,64,0,Casual,1,No,No,45990.0,11.0,Intel Core i3,15.6,256
MSI,gf63,Intel,Core i3,4.0,DDR4,512,0,Windows,64,4,Casual,2,No,No,59990.0,10.0,Intel Core i3,15.6,512
MSI,katana,Intel,Core i3,4.0,DDR4,0,0,Missing,32,4,Casual,0,No,No,86990.0,,Intel Core i3,0.0,0
ASUS,zenbook,Intel,Core i3,4.0,DDR4,1024,0,Windows,64,2,Casual,1,Yes,Yes,104990.0,11.0,Intel Core i3,14.0,1024
APPLE,2020,Apple,Core i3,4.0,DDR4,512,0,Mac,64,0,Casual,1,No,No,103990.0,,Intel Core i3,13.3,512
ACER,predator,Intel,Core i3,4.0,DDR4,512,1024,Windows,32,6,Casual,1,No,No,119990.0,11.0,Intel Core i3,15.6,1536
APPLE,2020,Apple,Core i3,5.0,DDR4,256,0,Mac,64,0,Casual,1,No,No,112990.0,,Intel Core i3,13.3,256
APPLE,2020,Apple,Core i3,8.0,DDR4,512,0,Mac,64,0,Casual,1,No,No,101990.0,,Intel Core i3,13.3,512
ASUS,pentium,Intel,Core i3,8.0,DDR4,0,1024,Windows,64,0,Casual,0,No,No,27990.0,,Intel Core i3,15.6,1024
HP,celeron,Intel,Core i3,8.0,DDR4,256,0,Windows,64,0,ThinNlight,0,No,No,32490.0,,Intel Core i3,14.0,256
DELL,inspiron,AMD,Core i3,8.0,DDR4,256,0,Windows,64,0,ThinNlight,0,No,No,36990.0,,Intel Core i3,14.96,256
DELL,inspiron,Intel,Core i3,8.0,DDR4,256,1024,Windows,64,0,Casual,1,No,No,57990.0,11.0,Intel Core i3,15.6,1280
LENOVO,core,Intel,Core i3,8.0,DDR4,512,0,Windows,64,0,ThinNlight,1,No,No,38990.0,10.0,Intel Core i3,15.6,512
HP,ryzen,AMD,Core i3,8.0,DDR4,512,0,Windows,64,0,ThinNlight,0,No,No,43490.0,,Intel Core i3,14.0,512
LENOVO,ideapad,Intel,Core i3,8.0,DDR4,256,0,Windows,64,0,ThinNlight,1,No,No,39990.0,11.0,Intel Core i3,15.6,256
ASUS,tuf,Intel,Core i3,8.0,DDR4,512,0,Windows,64,4,Gaming,1,No,Yes,65990.0,10.0,Intel Core i3,15.6,512
DELL,inspiron,Intel,Core i3,8.0,DDR4,512,0,Windows,64,0,Casual,0,Yes,No,71990.0,11.0,Intel Core i3,14.0,512
DELL,inspiron,Intel,Core i3,8.0,DDR4,256,0,Windows,64,0,ThinNlight,0,No,No,42490.0,11.0,Intel Core i3,15.6,256
DELL,inspiron,Intel,Core i3,8.0,DDR4,256,1024,Windows,64,0,Casual,0,No,No,44490.0,11.0,Intel Core i3,15.6,1280
DELL,inspiron,Intel,Core i3,8.0,DDR4,512,0,Windows,64,0,ThinNlight,0,No,No,45990.0,11.0,Intel Core i3,14.96,512
ACER,nitro,AMD,Core i3,8.0,DDR4,0,0,Missing,32,4,Casual,0,No,No,59990.0,,Intel Core i3,0.0,0
ASUS,vivobook,Intel,Core i3,8.0,DDR4,256,1024,Windows,64,0,Casual,1,No,Yes,41890.0,11.0,Intel Core i3,14.1,1280
ACER,aspire,AMD,Core i3,8.0,DDR4,512,0,Windows,64,0,Casual,1,No,No,43990.0,,Intel Core i3,15.6,512
MSI,pulse,Intel,Core i3,8.0,DDR4,0,0,Missing,32,6,Casual,0,No,No,109990.0,,Intel Core i3,0.0,0
APPLE,macbook,Apple,Core i3,8.0,DDR4,256,0,Mac,64,0,Casual,1,No,No,132990.0,,Intel Core i3,13.3,256
LENOVO,ideapad,AMD,Core i3,8.0,DDR4,512,0,Windows,64,4,Gaming,0,No,No,59490.0,,Intel Core i3,15.6,512
HP,core,Intel,Core i3,8.0,DDR4,512,0,Windows,64,0,ThinNlight,1,No,Yes,42490.0,10.0,Intel Core i3,15.6,512
MSI,alpha,AMD,Core i3,8.0,DDR4,1024,0,Windows,64,8,Casual,1,No,No,99990.0,,Intel Core i3,15.6,1024
ASUS,rog,AMD,Core i3,8.0,DDR4,1024,0,Windows,64,4,Casual,0,No,No,72990.0,,Intel Core i3,14.0,1024
DELL,inspiron,Intel,Core i3,8.0,DDR4,512,0,Windows,64,0,Casual,0,Yes,No,71890.0,11.0,Intel Core i3,14.0,512
LENOVO,ideapad,Intel,Core i3,8.0,DDR4,0,0,Missing,32,0,Casual,0,No,No,72990.0,,Intel Core i3,0.0,0
MSI,gf63,Intel,Core i3,8.0,DDR4,512,0,Windows,64,4,Casual,2,No,No,79990.0,10.0,Intel Core i3,15.6,512
ASUS,rog,AMD,Core i3,8.0,DDR4,1024,0,Windows,64,6,Casual,1,No,No,135990.0,,Intel Core i3,15.6,1024
LENOVO,ideapad,Intel,Core i3,8.0,DDR4,512,0,Windows,64,4,Gaming,1,No,Yes,68990.0,10.0,Intel Core i3,15.6,512
MSI,bravo,AMD,Core i3,8.0,DDR4,512,0,Windows,64,4,Casual,0,No,No,64990.0,,Intel Core i3,15.6,512
INFINIX,inbook,Intel,Core i3,8.0,DDR4,256,0,Windows,64,0,ThinNlight,0,No,No,32990.0,10.0,Intel Core i3,14.0,256
ASUS,zenbook,Intel,Core i3,8.0,DDR4,1024,0,Windows,64,0,Casual,1,Yes,No,134990.0,11.0,Intel Core i3,14.0,1024
ACER,nitro,AMD,Core i3,8.0,DDR4,256,1024,Windows,64,6,Casual,1,No,No,89990.0,,Intel Core i3,15.6,1280
LENOVO,ideapad,Intel,Core i3,8.0,DDR4,512,0,Windows,64,0,ThinNlight,0,No,No,64990.0,11.0,Intel Core i3,15.6,512
MI,notebook,Intel,Core i3,8.0,DDR4,512,0,Windows,64,2,Casual,1,No,No,59490.0,10.0,Intel Core i3,14.0,512
HP,core,Intel,Core i3,8.0,DDR4,512,0,Windows,64,0,ThinNlight,1,No,Yes,43970.0,11.0,Intel Core i3,15.6,512
ASUS,vivobook,Intel,Core i3,8.0,DDR4,512,0,Windows,64,0,Casual,1,No,No,65990.0,11.0,Intel Core i3,14.0,512
APPLE,macbook,Apple,Core i3,8.0,DDR4,256,0,Mac,64,0,Casual,1,No,No,104990.0,,Intel Core i3,13.3,256
DELL,vostro,Intel,Core i3,8.0,DDR4,256,0,Windows,64,0,ThinNlight,1,No,Yes,36990.0,10.0,Intel Core i3,14.0,256
APPLE,macbook,Apple,Core i3,8.0,DDR4,512,0,Mac,64,0,Casual,1,No,No,104990.0,,Intel Core i3,13.3,512
HP,core,Intel,Core i3,8.0,DDR4,512,0,Windows,64,0,ThinNlight,0,No,No,55999.0,11.0,Intel Core i3,15.6,512
ASUS,vivobook,Intel,Core i3,8.0,DDR4,512,0,Windows,64,4,Casual,1,No,No,73490.0,11.0,Intel Core i3,14.0,512
HP,pavilion,Intel,Core i3,8.0,DDR4,512,0,Windows,64,0,ThinNlight,1,No,Yes,74490.0,11.0,Intel Core i3,14.0,512
ACER,aspire,Intel,Core i3,8.0,DDR4,256,1024,Windows,64,0,ThinNlight,1,No,No,56990.0,11.0,Intel Core i3,15.6,1280
DELL,vostro,AMD,Core i3,8.0,DDR4,512,0,Windows,64,0,ThinNlight,0,No,No,47490.0,,Intel Core i3,14.0,512
LENOVO,ideapad,Intel,Core i3,8.0,DDR4,256,0,Windows,64,0,Casual,1,Yes,Yes,53990.0,11.0,Intel Core i3,14.0,256
HP,hp,AMD,Core i3,8.0,DDR4,512,0,Windows,64,4,Casual,1,No,No,59990.0,,Intel Core i3,15.6,512
ACER,nitro,AMD,Core i3,8.0,DDR4,256,1024,Windows,64,4,Casual,0,No,No,81990.0,,Intel Core i3,15.6,1280
ASUS,vivobook,Intel,Core i3,8.0,DDR4,256,0,Windows,64,0,ThinNlight,0,No,No,36990.0,11.0,Intel Core i3,14.0,256
ASUS,core,Intel,Core i3,8.0,DDR4,512,0,Windows,64,0,ThinNlight,1,No,Yes,39990.0,10.0,Intel Core i3,15.6,512
DELL,ryzen,AMD,Core i3,8.0,DDR4,256,0,Windows,64,0,ThinNlight,1,No,No,39990.0,,Intel Core i3,15.6,256
ASUS,ryzen,AMD,Core i3,8.0,DDR4,512,0,Windows,64,4,Casual,1,No,No,79990.0,,Intel Core i3,14.0,512
LENOVO,ideapad,Intel,Core i3,8.0,DDR4,256,0,Windows,64,0,Casual,2,No,No,38940.0,10.0,Intel Core i3,15.6,256
DELL,inspiron,Intel,Core i3,8.0,DDR4,256,0,Windows,64,0,Casual,1,No,Yes,39490.0,10.0,Intel Core i3,15.0,256
ASUS,chromebook,Intel,Core i3,8.0,DDR4,0,0,Missing,32,0,Casual,0,No,No,23490.0,,Intel Core i3,0.0,0
HP,pavilion,Intel,Core i3,8.0,DDR4,512,0,Windows,64,0,ThinNlight,1,No,Yes,58340.0,11.0,Intel Core i3,14.0,512
ASUS,rog,AMD,Core i3,8.0,DDR4,1024,0,Windows,32,0,Casual,1,No,No,154990.0,,Intel Core i3,15.6,1024
ACER,aspire,Intel,Core i3,8.0,DDR4,512,0,Windows,64,0,ThinNlight,1,No,No,55999.0,11.0,Intel Core i3,14.0,512
LENOVO,legion,AMD,Core i3,8.0,DDR4,512,0,Windows,64,4,Casual,0,No,No,69990.0,,Intel Core i3,15.6,512
DELL,inspiron,AMD,Core i3,8.0,DDR4,256,0,Windows,64,0,ThinNlight,1,No,No,44490.0,,Intel Core i3,15.6,256
ACER,travelmate,Intel,Core i3,8.0,DDR4,256,1024,Windows,64,0,Casual,0,No,No,55490.0,11.0,Intel Core i3,14.0,1280
APPLE,2020,Apple,Core i3,8.0,DDR4,512,0,Mac,64,0,Casual,1,No,No,131990.0,,Intel Core i3,13.3,512
MSI,core,Intel,Core i3,8.0,DDR4,512,0,Windows,64,0,ThinNlight,0,No,No,48990.0,11.0,Intel Core i3,14.0,512
HP,pavilion,Intel,Core i3,8.0,DDR4,512,0,Windows,64,0,Casual,1,No,Yes,54990.0,11.0,Intel Core i3,14.0,512
HP,15-ec1105ax,AMD,Core i3,8.0,DDR4,512,0,Windows,64,4,Casual,1,No,No,58990.0,,Intel Core i3,15.6,512
DELL,inspiron,Intel,Core i3,8.0,DDR4,512,0,Windows,64,0,ThinNlight,0,No,No,67990.0,11.0,Intel Core i3,14.0,512
DELL,inspiron,Intel,Core i3,8.0,DDR4,256,1024,Windows,64,2,Casual,1,No,No,62490.0,11.0,Intel Core i3,15.6,1280
ASUS,vivobook,Intel,Core i3,8.0,DDR4,256,0,Windows,64,0,Casual,1,No,No,45990.0,11.0,Intel Core i3,15.6,256
ASUS,vivobook,Intel,Core i3,8.0,DDR4,512,0,Windows,64,0,Casual,1,No,No,59990.0,11.0,Intel Core i3,14.0,512
LENOVO,ideapad,Intel,Core i3,8.0,DDR4,256,0,Windows,64,0,Casual,2,No,Yes,39999.0,10.0,Intel Core i3,15.6,256
DELL,vostro,AMD,Core i3,8.0,DDR4,512,0,Windows,64,0,ThinNlight,1,No,No,59490.0,,Intel Core i3,14.0,512
HP,pavilion,AMD,Core i3,8.0,DDR4,512,0,Windows,64,0,ThinNlight,1,No,Yes,67500.0,,Intel Core i3,15.6,512
ASUS,tuf,Intel,Core i3,8.0,DDR4,512,0,Windows,64,6,Casual,1,No,Yes,82990.0,11.0,Intel Core i3,15.6,512
ASUS,vivobook,AMD,Core i3,8.0,DDR4,256,1024,Windows,32,0,Casual,1,No,Yes,54990.0,,Intel Core i3,15.6,1280
LENOVO,ideapad,Intel,Core i3,8.0,DDR4,512,0,Windows,64,0,Casual,1,Yes,Yes,85990.0,11.0,Intel Core i3,14.0,512
DELL,inspiron,Intel,Core i3,8.0,DDR4,256,0,Windows,64,0,ThinNlight,1,No,No,42990.0,11.0,Intel Core i3,15.6,256
LENOVO,legion,Intel,Core i3,8.0,DDR4,512,0,Windows,64,4,Casual,1,No,Yes,99990.0,11.0,Intel Core i3,15.6,512
ASUS,asus,Intel,Core i3,8.0,DDR4,1024,0,Windows,64,4,Gaming,0,No,No,98990.0,11.0,Intel Core i3,15.6,1024
ASUS,rog,AMD,Core i3,8.0,DDR4,512,0,Windows,64,4,Casual,0,No,No,71990.0,,Intel Core i3,15.6,512
ASUS,asus,Intel,Core i3,8.0,DDR4,256,0,Windows,64,0,Casual,1,Yes,No,62990.0,,Intel Core i3,13.3,256
DELL,vostro,Intel,Core i3,8.0,DDR4,512,0,Windows,64,2,Casual,1,No,Yes,64190.0,11.0,Intel Core i3,14.0,512
HP,ryzen,AMD,Core i3,8.0,DDR4,512,0,Windows,32,0,Casual,0,No,No,48990.0,,Intel Core i3,15.6,512
ASUS,vivobook,AMD,Core i3,8.0,DDR4,512,0,Windows,64,0,Casual,1,Yes,Yes,62450.0,,Intel Core i3,14.0,512
DELL,core,Intel,Core i3,8.0,DDR4,512,0,Windows,64,0,ThinNlight,0,No,No,70090.0,11.0,Intel Core i3,14.0,512
ACER,aspire,Intel,Core i3,8.0,DDR4,0,1024,Windows,64,0,Casual,0,No,No,49990.0,11.0,Intel Core i3,15.6,1024
LENOVO,yoga,Intel,Core i3,8.0,DDR4,0,0,Missing,32,0,Casual,0,No,No,102990.0,,Intel Core i3,0.0,0
ASUS,ryzen,AMD,Core i3,8.0,DDR4,256,0,Windows,64,0,ThinNlight,1,No,No,33690.0,,Intel Core i3,15.6,256
DELL,vostro,Intel,Core i3,8.0,DDR4,256,1024,Windows,64,0,ThinNlight,1,No,Yes,42990.0,11.0,Intel Core i3,14.0,1280
ACER,travelmate,Intel,Core i3,8.0,DDR4,256,1024,Windows,64,0,Casual,0,No,No,40990.0,11.0,Intel Core i3,14.0,1280
ASUS,vivobook,Intel,Core i3,8.0,DDR4,256,1024,Windows,64,0,Casual,1,No,No,64990.0,11.0,Intel Core i3,15.6,1280
DELL,inspiron,Intel,Core i5,8.0,DDR4,256,0,Windows,64,0,Casual,1,Yes,No,49990.0,11.0,Intel Core i5,14.0,256
REALME,book(slim),Intel,Core i5,8.0,DDR4,512,0,Windows,64,0,Casual,1,No,Yes,60999.0,11.0,Intel Core i5,14.0,512
HP,15s,AMD,Core i5,8.0,DDR4,0,1024,Windows,64,0,ThinNlight,1,No,Yes,39490.0,,Intel Core i5,15.6,1024
ASUS,core,Intel,Core i5,8.0,DDR4,512,0,Windows,64,2,ThinNlight,1,No,No,49990.0,10.0,Intel Core i5,15.6,512
LENOVO,ideapad,Intel,Core i5,8.0,DDR4,256,1024,Windows,64,2,Casual,1,No,Yes,59990.0,11.0,Intel Core i5,15.6,1280
HP,ryzen,AMD,Core i5,8.0,DDR4,512,0,Windows,64,0,ThinNlight,1,No,Yes,41490.0,,Intel Core i5,15.6,512
APPLE,macbook,Apple,Core i5,8.0,DDR4,1024,0,Mac,64,0,Casual,1,No,No,149990.0,,Intel Core i5,13.3,1024
APPLE,macbook,Apple,Core i5,8.0,DDR4,1024,0,Mac,64,0,Casual,1,No,No,169990.0,,Intel Core i5,13.3,1024
DELL,inspiron,AMD,Core i5,8.0,DDR4,256,0,Windows,64,0,Casual,1,No,Yes,41990.0,,Intel Core i5,15.6,256
ACER,predator,Intel,Core i5,8.0,DDR4,1024,0,Windows,64,8,Casual,1,No,No,169990.0,11.0,Intel Core i5,15.6,1024
ASUS,vivobook,Intel,Core i5,8.0,DDR4,256,1024,Windows,64,2,Casual,1,No,Yes,60190.0,11.0,Intel Core i5,15.6,1280
MSI,core,Intel,Core i5,8.0,DDR4,512,0,Windows,64,0,ThinNlight,0,No,No,40990.0,10.0,Intel Core i5,14.0,512
MSI,core,Intel,Core i5,8.0,DDR4,512,0,Windows,64,0,ThinNlight,0,No,No,55490.0,11.0,Intel Core i5,14.0,512
DELL,vostro,AMD,Core i5,8.0,DDR4,256,0,Windows,64,0,ThinNlight,1,No,Yes,44490.0,,Intel Core i5,14.0,256
HP,spectre,Intel,Core i5,8.0,DDR4,512,0,Windows,64,0,Casual,0,Yes,No,97990.0,11.0,Intel Core i5,13.3,512
ASUS,vivobook,Intel,Core i5,8.0,DDR4,512,0,Windows,64,0,ThinNlight,1,No,Yes,41990.0,11.0,Intel Core i5,14.1,512
LENOVO,ideapad,Intel,Core i5,8.0,DDR4,512,0,Windows,64,0,ThinNlight,1,Yes,No,54990.0,11.0,Intel Core i5,14.0,512
DELL,vostro,Intel,Core i5,8.0,DDR4,0,1024,Windows,64,0,ThinNlight,0,No,No,42190.0,11.0,Intel Core i5,14.0,1024
ACER,predator,Intel,Core i5,8.0,DDR4,1024,0,Windows,64,6,Casual,1,No,No,139990.0,11.0,Intel Core i5,15.6,1024
ASUS,rog,AMD,Core i5,8.0,DDR4,1024,0,Windows,64,8,Casual,1,No,Yes,199990.0,,Intel Core i5,15.6,1024
DELL,vostro,Intel,Core i5,8.0,DDR4,0,1024,Windows,64,0,ThinNlight,1,No,Yes,39490.0,10.0,Intel Core i5,14.0,1024
LENOVO,ideapad,AMD,Core i5,8.0,DDR4,0,0,Windows,64,0,Casual,0,No,No,19590.0,,Intel Core i5,0.0,0
ASUS,apu,AMD,Core i5,8.0,DDR4,0,0,Missing,32,0,Casual,0,No,No,19990.0,,Intel Core i5,0.0,0
APPLE,macbook,Apple,Core i5,8.0,DDR4,512,0,Mac,64,0,Casual,1,No,No,128990.0,,Intel Core i5,13.3,512
ASUS,vivobook,Intel,Core i5,8.0,DDR4,512,0,Windows,64,0,Casual,1,No,Yes,44990.0,11.0,Intel Core i5,14.0,512
HP,core,Intel,Core i5,8.0,DDR4,512,0,Windows,64,0,Casual,1,No,No,41250.0,11.0,Intel Core i5,15.6,512
HP,pentium,Intel,Core i5,8.0,DDR4,256,0,Windows,64,0,ThinNlight,1,No,Yes,32990.0,,Intel Core i5,14.0,256
APPLE,2021,Apple,Core i5,8.0,DDR4,1024,0,Mac,64,0,Casual,1,No,No,225990.0,,Intel Core i5,14.2,1024
HP,core,Intel,Core i5,8.0,DDR4,512,0,Windows,64,0,ThinNlight,0,No,No,44990.0,11.0,Intel Core i5,14.0,512
APPLE,2021,Apple,Core i5,8.0,DDR4,512,0,Mac,64,0,Casual,1,No,No,184990.0,,Intel Core i5,14.2,512
ASUS,vivobook,Intel,Core i5,8.0,DDR4,512,0,Windows,64,4,Gaming,1,No,Yes,54990.0,9.0,Intel Core i5,15.6,512
APPLE,2021,Apple,Core i5,8.0,DDR4,1024,0,Mac,64,0,Casual,1,No,No,243990.0,,Intel Core i5,16.2,1024
APPLE,2021,Apple,Core i5,8.0,DDR4,512,0,Mac,64,0,Casual,1,No,No,225990.0,,Intel Core i5,16.2,512
LENOVO,thinkbook,Intel,Core i5,8.0,DDR4,512,0,Windows,64,0,ThinNlight,1,No,Yes,59990.0,11.0,Intel Core i5,15.0,512
DELL,vostro,Intel,Core i5,8.0,DDR4,256,0,Windows,64,0,ThinNlight,1,No,Yes,41490.0,11.0,Intel Core i5,14.0,256
DELL,inspiron,Intel,Core i5,8.0,DDR4,256,0,Windows,64,0,ThinNlight,0,No,No,41990.0,11.0,Intel Core i5,14.96,256
ASUS,vivobook,Intel,Core i5,8.0,DDR4,512,0,Windows,64,0,Casual,1,No,No,42990.0,11.0,Intel Core i5,14.0,512
ASUS,vivobook,Intel,Core i5,8.0,DDR4,256,1024,Windows,64,4,Gaming,0,No,No,54490.0,9.0,Intel Core i5,15.6,1280
APPLE,2021,Apple,Core i5,8.0,DDR4,1024,0,Mac,64,0,Casual,1,No,No,309990.0,,Intel Core i5,16.2,1024
LENOVO,legion,Intel,Core i5,8.0,DDR4,256,1024,Windows,64,4,Casual,1,No,Yes,60990.0,9.0,Intel Core i5,15.6,1280
LENOVO,ideapad,Intel,Core i5,8.0,DDR4,512,0,Windows,64,0,ThinNlight,1,No,Yes,53990.0,11.0,Intel Core i5,15.6,512
HP,pavilion,Intel,Core i5,8.0,DDR4,512,0,Windows,64,0,ThinNlight,1,No,Yes,66999.0,11.0,Intel Core i5,14.0,512
LENOVO,ideapad,AMD,Core i5,8.0,DDR4,256,1024,Windows,64,0,Gaming,1,No,Yes,63990.0,,Intel Core i5,15.6,1280
INFINIX,x1,Intel,Core i5,8.0,DDR4,512,0,Windows,64,8,Casual,0,No,No,54990.0,10.0,Intel Core i5,14.0,512
DELL,core,Intel,Core i5,8.0,DDR4,512,0,Windows,64,0,Casual,1,Yes,No,60790.0,11.0,Intel Core i5,14.0,512
ASUS,rog,AMD,Core i5,8.0,DDR4,512,0,Windows,64,4,Casual,0,No,No,71990.0,,Intel Core i5,15.6,512
DELL,inspiron,Intel,Core i5,8.0,DDR4,256,1024,Windows,64,0,ThinNlight,1,No,No,48990.0,11.0,Intel Core i5,15.6,1280
ASUS,rog,AMD,Core i5,8.0,DDR4,1024,0,Windows,64,4,Casual,0,No,No,114990.0,,Intel Core i5,15.6,1024
LENOVO,lenovo,AMD,Core i5,8.0,DDR4,512,0,Windows,64,4,Casual,1,No,Yes,99990.0,,Intel Core i5,15.6,512
ASUS,vivobook,AMD,Core i5,8.0,DDR4,512,0,Windows,64,0,Casual,1,No,No,58990.0,,Intel Core i5,14.0,512
ASUS,chromebook,Intel,Core i5,8.0,DDR4,0,0,Missing,32,0,Casual,0,No,No,24990.0,,Intel Core i5,0.0,0
LENOVO,thinkpad,AMD,Core i5,8.0,DDR4,512,0,Missing,64,0,ThinNlight,0,No,No,57490.0,,Intel Core i5,14.0,512
ACER,intel,Intel,Core i5,8.0,DDR4,512,0,Windows,64,0,ThinNlight,1,No,Yes,60990.0,11.0,Intel Core i5,14.0,512
DELL,inspiron,Intel,Core i5,8.0,DDR4,256,1024,Windows,64,0,ThinNlight,1,No,Yes,55790.0,11.0,Intel Core i5,14.9,1280
ACER,aspire,Intel,Core i5,8.0,DDR4,0,1024,Windows,64,0,ThinNlight,1,No,No,46990.0,11.0,Intel Core i5,14.0,1024
ASUS,ryzen,AMD,Core i5,8.0,DDR4,512,0,Windows,64,0,Casual,1,No,No,79990.0,,Intel Core i5,14.0,512
ASUS,vivobook,Intel,Core i5,8.0,DDR4,256,1024,Windows,64,0,Casual,1,No,Yes,64990.0,11.0,Intel Core i5,15.6,1280
HP,core,Intel,Core i5,8.0,DDR4,512,0,Windows,64,0,Casual,0,No,No,45650.0,11.0,Intel Core i5,15.6,512
LENOVO,ideapad,Intel,Core i5,8.0,DDR4,256,0,Windows,64,0,ThinNlight,1,No,Yes,41990.0,11.0,Intel Core i5,14.0,256
HP,15s,Intel,Core i5,8.0,DDR4,0,1024,Windows,64,0,ThinNlight,1,No,Yes,43690.0,11.0,Intel Core i5,15.6,1024
ASUS,tuf,Intel,Core i5,8.0,DDR4,1024,0,Windows,64,4,Gaming,1,No,Yes,77990.0,11.0,Intel Core i5,17.3,1024
ASUS,chromebook,Intel,Core i5,8.0,DDR4,0,0,Missing,32,0,Casual,0,No,No,21490.0,,Intel Core i5,0.0,0
ASUS,core,Intel,Core i5,8.0,DDR4,256,1024,Windows,64,0,ThinNlight,0,No,No,58990.0,11.0,Intel Core i5,17.3,1280
ASUS,rog,AMD,Core i5,8.0,DDR4,1024,0,Windows,64,6,Casual,1,No,Yes,129990.0,,Intel Core i5,15.6,1024
ASUS,core,Intel,Core i5,8.0,DDR4,512,0,Windows,64,0,ThinNlight,1,No,Yes,47990.0,10.0,Intel Core i5,15.6,512
APPLE,2020,Apple,Core i5,8.0,DDR4,256,0,Mac,64,0,Casual,1,No,No,85990.0,,Intel Core i5,13.3,256
DELL,ryzen,AMD,Core i5,8.0,DDR4,512,0,Windows,64,4,Casual,1,No,No,93990.0,,Intel Core i5,15.6,512
HP,pavilion,AMD,Core i5,8.0,DDR4,512,0,Windows,64,0,ThinNlight,1,No,Yes,57999.0,,Intel Core i5,15.6,512
HP,core,Intel,Core i5,8.0,DDR4,512,0,Windows,32,0,ThinNlight,1,No,Yes,59999.0,11.0,Intel Core i5,14.0,512
ASUS,vivobook,Intel,Core i5,8.0,DDR4,256,1024,Windows,64,4,Gaming,0,No,No,66990.0,10.0,Intel Core i5,15.6,1280
ASUS,vivobook,Intel,Core i5,8.0,DDR4,512,0,Windows,64,0,Casual,1,No,Yes,77990.0,11.0,Intel Core i5,14.0,512
DELL,g15,Intel,Core i5,8.0,DDR4,512,0,Windows,64,4,Casual,1,No,No,79990.0,10.0,Intel Core i5,15.6,512
ASUS,vivobook,AMD,Core i5,8.0,DDR4,512,0,Windows,64,0,Casual,0,No,No,56990.0,,Intel Core i5,15.6,512
LENOVO,ideapad,Intel,Core i5,8.0,DDR4,512,0,Windows,64,4,Gaming,0,No,No,79990.0,11.0,Intel Core i5,15.6,512
DELL,vostro,Intel,Core i5,8.0,DDR4,512,0,Windows,64,0,ThinNlight,1,No,Yes,41990.0,10.0,Intel Core i5,14.0,512
HP,pavilion,AMD,Core i5,8.0,DDR4,512,0,Windows,64,4,Casual,1,No,Yes,72990.0,,Intel Core i5,15.6,512
ASUS,tuf,Intel,Core i5,8.0,DDR4,512,0,Windows,64,4,Gaming,1,No,No,63990.0,10.0,Intel Core i5,15.6,512
HP,pavilion,Intel,Core i5,8.0,DDR4,512,0,Windows,64,0,ThinNlight,1,No,Yes,63990.0,11.0,Intel Core i5,15.6,512
INFINIX,inbook,Intel,Core i5,8.0,DDR4,256,0,Windows,64,0,ThinNlight,0,No,No,32990.0,10.0,Intel Core i5,14.0,256
ASUS,chromebook,Intel,Core i5,8.0,DDR4,0,0,Missing,32,0,Casual,0,No,No,23990.0,,Intel Core i5,0.0,0
ASUS,rog,Intel,Core i5,8.0,DDR4,1024,0,Windows,64,4,Casual,1,No,No,77990.0,10.0,Intel Core i5,15.6,1024
HP,pavilion,AMD,Core i5,8.0,DDR4,512,0,Windows,64,0,Casual,1,No,Yes,65990.0,,Intel Core i5,13.3,512
ASUS,vivobook,Intel,Core i5,8.0,DDR4,512,0,Windows,64,0,Casual,1,No,No,59990.0,11.0,Intel Core i5,14.0,512
DELL,inspiron,Intel,Core i5,8.0,DDR4,512,0,Windows,64,0,ThinNlight,1,No,No,45490.0,10.0,Intel Core i5,15.6,512
LENOVO,ideapad,Intel,Core i5,8.0,DDR4,512,0,Windows,64,0,ThinNlight,1,No,No,55990.0,11.0,Intel Core i5,14.0,512
ASUS,vivobook,Intel,Core i5,8.0,DDR4,512,0,Windows,64,0,Casual,1,No,No,59990.0,11.0,Intel Core i5,14.0,512
ASUS,vivobook,Intel,Core i5,8.0,DDR4,512,0,Windows,64,0,ThinNlight,1,No,Yes,44990.0,11.0,Intel Core i5,14.1,512
HP,pavilion,Intel,Core i5,8.0,DDR4,512,0,Windows,64,0,ThinNlight,1,No,Yes,63990.0,11.0,Intel Core i5,15.6,512
ASUS,asus,AMD,Core i5,8.0,DDR4,512,0,Windows,64,4,Gaming,0,No,No,82990.0,,Intel Core i5,17.3,512
ASUS,rog,AMD,Core i5,8.0,DDR4,1024,0,Windows,64,4,Casual,1,Yes,Yes,114990.0,,Intel Core i5,13.4,1024
ASUS,vivobook,Intel,Core i5,8.0,DDR4,0,1024,Windows,64,0,Casual,1,No,No,35990.0,10.0,Intel Core i5,15.6,1024
HP,envy,AMD,Core i5,8.0,DDR4,512,0,Windows,64,0,Casual,1,Yes,Yes,98020.0,,Intel Core i5,13.3,512
DELL,vostro,Intel,Core i5,8.0,DDR4,512,0,Windows,64,2,Casual,1,No,Yes,69490.0,11.0,Intel Core i5,14.0,512
ASUS,vivobook,Intel,Core i5,8.0,DDR4,256,0,Windows,64,0,Casual,1,No,No,38490.0,11.0,Intel Core i5,15.6,256
ACER,predator,Intel,Core i5,8.0,DDR4,0,0,Missing,32,0,Casual,0,No,No,99990.0,,Intel Core i5,0.0,0
ASUS,eeebook,Intel,Core i5,8.0,DDR4,0,0,Windows,64,0,Casual,0,No,No,22990.0,,Intel Core i5,0.0,0
APPLE,macbook,Intel,Core i5,8.0,DDR4,1024,0,Mac,64,0,Casual,1,No,No,179990.0,10.0,Intel Core i5,13.0,1024
HP,chromebook,MediaTek,Core i5,8.0,DDR4,0,0,Missing,32,0,Casual,0,No,No,22990.0,,Intel Core i5,0.0,0
DELL,inspiron,Intel,Core i5,8.0,DDR4,512,0,Windows,64,0,Casual,1,Yes,Yes,89390.0,11.0,Intel Core i5,14.0,512
ASUS,zenbook,Intel,Core i5,8.0,DDR4,512,0,Windows,64,0,ThinNlight,0,No,No,74990.0,11.0,Intel Core i5,13.3,512
DELL,vostro,Intel,Core i5,8.0,DDR4,256,1024,Windows,64,0,ThinNlight,1,No,Yes,54990.0,11.0,Intel Core i5,14.0,1280
ACER,nitro,AMD,Core i5,8.0,DDR4,0,0,Missing,32,6,Casual,0,No,No,93700.0,,Intel Core i5,0.0,0
DELL,3000,Intel,Core i5,8.0,DDR4,0,1024,Windows,32,0,Casual,0,No,No,43800.0,11.0,Intel Core i5,15.6,1024
HP,pavilion,Intel,Core i5,8.0,DDR4,512,0,Windows,64,4,Casual,1,No,Yes,93190.0,11.0,Intel Core i5,15.6,512
LENOVO,core,Intel,Core i5,8.0,DDR4,256,0,Windows,64,0,ThinNlight,1,No,Yes,38990.0,11.0,Intel Core i5,15.0,256
APPLE,2021,Apple,Core i5,8.0,DDR4,1024,0,Mac,64,0,Casual,1,No,No,225990.0,,Intel Core i5,14.2,1024
ACER,aspire,AMD,Core i5,8.0,DDR4,512,0,Windows,64,0,Casual,0,No,No,34990.0,,Intel Core i5,15.6,512
LENOVO,thinkbook,Intel,Core i5,8.0,DDR4,512,0,Windows,64,0,Casual,3,Yes,Yes,64990.0,11.0,Intel Core i5,14.0,512
LENOVO,legion,Intel,Core i5,8.0,DDR4,512,0,Windows,64,4,Casual,1,No,Yes,66490.0,10.0,Intel Core i5,15.6,512
DELL,inspiron,AMD,Core i5,8.0,DDR4,256,0,Windows,64,0,ThinNlight,0,No,No,40590.0,,Intel Core i5,15.6,256
HP,pavilion,Intel,Core i5,8.0,DDR4,256,1024,Windows,64,4,Gaming,1,No,Yes,71990.0,11.0,Intel Core i5,15.6,1280
HP,hp,AMD,Core i5,8.0,DDR4,1024,0,Windows,64,0,ThinNlight,1,Yes,Yes,92990.0,,Intel Core i5,13.3,1024
DELL,vostro,Intel,Core i5,8.0,DDR4,0,1024,Windows,64,0,ThinNlight,1,No,Yes,48990.0,11.0,Intel Core i5,14.0,1024
DELL,inspiron,Intel,Core i5,8.0,DDR4,512,0,Windows,64,2,Casual,1,No,Yes,89702.0,11.0,Intel Core i5,15.6,512
LENOVO,thinkpad,Intel,Core i5,8.0,DDR4,256,0,Windows,64,0,Casual,1,No,Yes,44990.0,11.0,Intel Core i5,15.6,256
ASUS,zenbook,Intel,Core i5,8.0,DDR4,512,0,Windows,64,0,Casual,1,No,Yes,94990.0,11.0,Intel Core i5,13.3,512
LENOVO,thinkbook,Intel,Core i5,8.0,DDR4,512,0,Windows,64,0,Casual,3,Yes,Yes,84990.0,11.0,Intel Core i5,14.0,512
HP,pavilion,AMD,Core i5,8.0,DDR4,512,0,Windows,64,2,Casual,1,No,Yes,63990.0,,Intel Core i5,14.0,512
LENOVO,ideapad,Intel,Core i5,8.0,DDR4,512,0,Windows,64,2,Casual,1,No,Yes,70990.0,11.0,Intel Core i5,15.6,512
LENOVO,ideapad,Intel,Core i5,8.0,DDR4,256,0,Windows,64,0,ThinNlight,0,No,No,36490.0,10.0,Intel Core i5,14.0,256
ASUS,pentium,Intel,Core i5,8.0,DDR4,0,1024,Windows,64,0,Casual,1,No,No,25990.0,,Intel Core i5,15.6,1024
HP,x360,Intel,Core i5,8.0,DDR4,256,0,Missing,64,0,Casual,1,No,No,65390.0,11.0,Intel Core i5,14.0,256
ASUS,pentium,Intel,Core i5,8.0,DDR4,0,1024,Windows,64,0,Casual,1,No,No,25990.0,,Intel Core i5,15.6,1024
INFINIX,inbook,Intel,Core i5,8.0,DDR4,512,0,Windows,64,0,ThinNlight,0,No,No,42490.0,10.0,Intel Core i5,14.0,512
HP,envy,Intel,Core i5,8.0,DDR4,1024,0,Windows,64,6,Casual,1,No,Yes,144690.0,10.0,Intel Core i5,15.6,1024
LENOVO,core,Intel,Core i5,8.0,DDR4,0,1024,Windows,32,0,Casual,0,No,No,38990.0,10.0,Intel Core i5,15.6,1024
DELL,3511,Intel,Core i5,8.0,DDR4,256,1024,Windows,64,2,Casual,1,No,No,69900.0,11.0,Intel Core i5,15.6,1280
LENOVO,ideapad,Intel,Core i5,8.0,DDR4,512,0,Windows,64,0,ThinNlight,2,No,Yes,42990.0,11.0,Intel Core i5,15.6,512
LENOVO,ideapad,Intel,Core i5,8.0,DDR4,256,1024,Windows,64,2,Casual,1,No,Yes,65990.0,11.0,Intel Core i5,15.6,1280
ASUS,vivobook,Intel,Core i5,8.0,DDR4,0,1024,Windows,64,0,ThinNlight,1,No,No,34990.0,10.0,Intel Core i5,15.6,1024
ASUS,ryzen,AMD,Core i5,8.0,DDR4,512,0,Windows,32,0,ThinNlight,1,No,Yes,49890.0,,Intel Core i5,15.6,512
MSI,ge76,Intel,Core i5,8.0,DDR4,0,0,Missing,32,6,Casual,0,No,No,291190.0,,Intel Core i5,0.0,0
ASUS,vivobook,Intel,Core i5,8.0,DDR4,512,0,Windows,64,0,Casual,1,Yes,Yes,58990.0,11.0,Intel Core i5,17.3,512
LENOVO,core,Intel,Core i5,8.0,DDR4,256,0,Windows,32,0,Casual,0,No,No,38970.0,10.0,Intel Core i5,15.6,256
LENOVO,ideapad,Intel,Core i5,8.0,DDR4,512,0,Windows,64,2,Casual,1,No,Yes,57500.0,10.0,Intel Core i5,15.6,512
ASUS,vivobook,Intel,Core i5,8.0,DDR4,0,1024,Windows,64,0,Casual,1,No,No,38900.0,11.0,Intel Core i5,15.6,1024
DELL,inspiron,AMD,Core i5,8.0,DDR4,512,0,Windows,64,0,ThinNlight,1,No,Yes,49990.0,,Intel Core i5,15.6,512
ASUS,zenbook,Intel,Core i5,8.0,DDR4,1024,0,Windows,64,0,ThinNlight,0,No,No,99990.0,11.0,Intel Core i5,13.3,1024
DELL,inspiron,Intel,Core i5,8.0,DDR4,512,0,Windows,64,2,Casual,1,Yes,Yes,79990.0,11.0,Intel Core i5,14.0,512
DELL,vostro,AMD,Core i5,8.0,DDR4,512,0,Windows,64,0,ThinNlight,1,No,Yes,59490.0,,Intel Core i5,14.0,512
ASUS,asus,Intel,Core i5,8.0,DDR4,0,1024,Windows,64,0,Casual,0,No,No,30780.0,,Intel Core i5,15.6,1024
HP,pavilion,AMD,Core i5,8.0,DDR4,1024,0,Windows,64,0,ThinNlight,1,No,Yes,84190.0,,Intel Core i5,13.3,1024
MSI,modern,Intel,Core i5,8.0,DDR4,512,0,Windows,64,0,Casual,0,No,No,56541.0,10.0,Intel Core i5,14.0,512
ASUS,core,Intel,Core i5,8.0,DDR4,512,0,Windows,64,0,ThinNlight,0,No,No,59990.0,11.0,Intel Core i5,17.3,512
DELL,inspiron,AMD,Core i5,8.0,DDR4,0,1024,Windows,64,0,ThinNlight,0,No,No,37390.0,,Intel Core i5,15.6,1024
APPLE,macbook,Intel,Core i5,8.0,DDR4,1024,0,Mac,64,0,Casual,1,No,No,179990.0,10.0,Intel Core i5,13.0,1024
MSI,core,Intel,Core i5,8.0,DDR4,512,0,Windows,64,0,ThinNlight,0,No,No,57990.0,10.0,Intel Core i5,14.0,512
LENOVO,thinkbook,Intel,Core i5,8.0,DDR4,512,0,Windows,64,0,Casual,1,No,Yes,64990.0,11.0,Intel Core i5,13.0,512
ASUS,zenbook,AMD,Core i5,8.0,DDR4,1024,0,Windows,64,0,Casual,0,Yes,No,112990.0,,Intel Core i5,14.0,1024
HP,envy,AMD,Core i5,8.0,DDR4,512,0,Windows,64,0,Casual,1,Yes,Yes,73999.0,,Intel Core i5,13.3,512
DELL,core,Intel,Core i5,8.0,DDR4,512,0,Windows,64,0,ThinNlight,1,No,No,61290.0,11.0,Intel Core i5,14.0,512
ASUS,chromebook,Intel,Core i5,8.0,DDR4,0,0,Missing,32,0,Casual,0,No,No,20490.0,,Intel Core i5,0.0,0
HP,envy,Intel,Core i5,8.0,DDR4,512,0,Windows,64,0,Casual,1,Yes,Yes,102990.0,11.0,Intel Core i5,13.3,512
LENOVO,core,Intel,Core i5,8.0,DDR4,512,0,Windows,64,0,ThinNlight,1,No,Yes,54990.0,11.0,Intel Core i5,14.0,512
ALIENWARE,core,NVIDIA,Core i5,8.0,DDR4,0,0,Missing,32,6,Casual,0,No,No,199990.0,,Intel Core i5,0.0,0
DELL,inspiron,Intel,Core i5,8.0,DDR4,0,1024,Windows,64,0,ThinNlight,1,No,No,39990.0,10.0,Intel Core i5,15.6,1024
LENOVO,thinkbook,Intel,Core i5,8.0,DDR4,512,0,Windows,64,0,Casual,1,No,Yes,59990.0,11.0,Intel Core i5,13.0,512
MSI,delta,AMD,Core i5,8.0,DDR4,1024,0,Windows,64,0,Casual,0,No,No,146990.0,,Intel Core i5,15.6,1024
ASUS,asus,Intel,Core i5,8.0,DDR4,512,0,Windows,32,6,Casual,1,No,No,84990.0,11.0,Intel Core i5,15.6,512
ASUS,vivobook,Intel,Core i5,8.0,DDR4,256,1024,Windows,64,0,Casual,1,No,No,49990.0,11.0,Intel Core i5,14.0,1280
HP,15s,Intel,Core i5,8.0,DDR4,512,0,Windows,64,0,ThinNlight,1,No,Yes,45490.0,11.0,Intel Core i5,15.6,512
LENOVO,ideapad,Intel,Core i5,8.0,DDR4,256,0,Windows,64,0,ThinNlight,0,No,No,31799.0,,Intel Core i5,14.0,256
HP,pavilion,Intel,Core i5,8.0,DDR4,512,0,Windows,64,0,ThinNlight,1,No,Yes,72500.0,11.0,Intel Core i5,14.0,512
LENOVO,ideapad,Intel,Core i5,8.0,DDR4,512,0,Windows,64,4,Gaming,0,No,No,59990.0,11.0,Intel Core i5,15.6,512
LENOVO,a6-9225,AMD,Core i5,8.0,DDR4,0,1024,Windows,64,0,ThinNlight,0,No,No,24990.0,,Intel Core i5,15.6,1024
DELL,inspiron,AMD,Core i5,8.0,DDR4,512,0,Windows,64,0,ThinNlight,1,No,Yes,60990.0,,Intel Core i5,15.6,512
HP,core,Intel,Core i5,8.0,DDR4,256,0,Windows,64,0,ThinNlight,1,No,Yes,44900.0,11.0,Intel Core i5,15.6,256
DELL,core,Intel,Core i5,8.0,DDR4,512,0,Windows,64,4,Casual,1,No,No,99990.0,11.0,Intel Core i5,15.6,512
ASUS,vivobook,AMD,Core i5,8.0,DDR4,256,0,Windows,64,0,Casual,1,No,No,37990.0,,Intel Core i5,14.1,256
ASUS,vivobook,Intel,Core i5,8.0,DDR4,256,0,Windows,64,0,ThinNlight,1,No,Yes,33990.0,,Intel Core i5,14.1,256
DELL,g5,AMD,Core i5,8.0,DDR4,512,0,Windows,64,6,Casual,0,No,No,76190.0,,Intel Core i5,14.96,512
LENOVO,yoga,Intel,Core i5,8.0,DDR4,512,0,Windows,64,0,Casual,1,Yes,Yes,87990.0,11.0,Intel Core i5,14.0,512
DELL,inspiron,Intel,Core i5,8.0,DDR4,0,1024,Windows,32,0,Casual,0,No,No,40890.0,10.0,Intel Core i5,14.96,1024
DELL,vostro,Intel,Core i5,8.0,DDR4,256,1024,Windows,64,0,ThinNlight,1,No,Yes,43590.0,11.0,Intel Core i5,14.0,1280
MSI,pulse,Intel,Core i5,8.0,DDR4,0,0,Missing,32,4,Casual,0,No,No,109590.0,,Intel Core i5,0.0,0
ASUS,rog,AMD,Core i5,8.0,DDR4,512,0,Windows,64,4,Casual,0,No,No,106990.0,,Intel Core i5,15.6,512
HP,14s,Intel,Core i5,8.0,DDR4,512,0,Windows,64,0,ThinNlight,0,No,No,57990.0,11.0,Intel Core i5,14.0,512
ASUS,asus,Intel,Core i5,8.0,DDR4,512,0,Windows,64,4,Gaming,0,No,No,94990.0,11.0,Intel Core i5,17.3,512
DELL,inspiron,Intel,Core i5,8.0,DDR4,512,0,Windows,64,0,ThinNlight,1,No,Yes,69490.0,11.0,Intel Core i5,15.3,512
LENOVO,thinkbook,Intel,Core i5,8.0,DDR4,512,0,Windows,64,0,Casual,3,Yes,Yes,68990.0,11.0,Intel Core i5,14.0,512
LENOVO,core,Intel,Core i5,8.0,DDR4,512,0,Windows,32,0,Casual,1,No,Yes,77990.0,11.0,Intel Core i5,15.6,512
DELL,g7,NVIDIA,Core i5,8.0,DDR4,0,0,Missing,32,8,Casual,0,No,No,179990.0,,Intel Core i5,0.0,0
MSI,stealth,Intel,Core i5,8.0,DDR4,1024,0,Windows,64,6,Casual,2,No,No,119990.0,11.0,Intel Core i5,15.6,1024
HP,core,Intel,Core i5,8.0,DDR4,512,0,Windows,32,0,Casual,0,No,No,38799.0,10.0,Intel Core i5,14.1,512
ASUS,zephyrus,Intel,Core i5,8.0,DDR4,1024,0,Windows,32,4,Casual,1,No,No,194990.0,11.0,Intel Core i5,16.0,1024
HP,envy,Intel,Core i5,8.0,DDR4,512,0,Windows,64,0,Casual,1,Yes,Yes,104000.0,11.0,Intel Core i5,13.3,512
ALIENWARE,core,NVIDIA,Core i5,8.0,DDR4,0,0,Missing,32,8,Casual,0,No,No,345390.0,,Intel Core i5,0.0,0
MSI,core,Intel,Core i5,8.0,DDR4,512,0,Windows,64,2,Casual,0,No,No,76990.0,11.0,Intel Core i5,14.0,512
MSI,modern,AMD,Core i5,8.0,DDR4,256,0,Windows,64,0,Casual,1,No,No,49990.0,,Intel Core i5,14.0,256
MSI,core,Intel,Core i5,8.0,DDR4,256,0,Windows,64,0,ThinNlight,0,No,No,38990.0,10.0,Intel Core i5,14.0,256
DELL,vostro,Intel,Core i5,8.0,DDR4,256,1024,Windows,64,0,ThinNlight,1,No,Yes,58990.0,11.0,Intel Core i5,14.0,1280
LENOVO,yoga,AMD,Core i5,8.0,DDR4,512,0,Windows,64,0,ThinNlight,3,Yes,Yes,74798.0,,Intel Core i5,13.3,512
ASUS,rog,AMD,Core i5,8.0,DDR4,1024,0,Windows,32,4,Casual,1,No,No,114990.0,,Intel Core i5,15.6,1024
MSI,creator,Intel,Core i5,8.0,DDR4,1024,0,Windows,64,6,Casual,0,No,No,192990.0,11.0,Intel Core i5,16.0,1024
SAMSUNG,galaxy,Qualcomm,Core i5,8.0,DDR4,0,0,Windows,32,0,Casual,0,No,No,38990.0,,Intel Core i5,0.0,0
ASUS,zenbook,Intel,Core i5,8.0,DDR4,512,0,Windows,64,0,Casual,1,Yes,No,105990.0,11.0,Intel Core i5,14.0,512
MSI,prestige,Intel,Core i5,8.0,DDR4,512,0,Windows,64,0,Casual,1,No,No,79990.0,11.0,Intel Core i5,14.0,512
LENOVO,core,Intel,Core i5,8.0,DDR4,0,1024,Windows,64,0,ThinNlight,1,No,No,36990.0,10.0,Intel Core i5,15.6,1024
ASUS,vivobook,AMD,Core i5,8.0,DDR4,512,0,Windows,64,0,Casual,1,No,No,58990.0,,Intel Core i5,14.0,512
DELL,vostro,Intel,Core i5,8.0,DDR4,512,0,Windows,64,0,ThinNlight,1,No,Yes,55490.0,11.0,Intel Core i5,14.0,512
ASUS,vivobook,AMD,Core i5,8.0,DDR4,512,0,Windows,64,0,Casual,1,No,No,92990.0,,Intel Core i5,14.0,512
LENOVO,ideapad,Intel,Core i5,8.0,DDR4,512,0,Windows,64,0,ThinNlight,1,No,Yes,69990.0,11.0,Intel Core i5,14.0,512
HP,ryzen,AMD,Core i5,8.0,DDR4,512,0,Windows,32,4,Casual,0,No,No,68100.0,,Intel Core i5,16.1,512
ASUS,zenbook,Intel,Core i5,8.0,DDR4,512,0,Windows,64,0,Casual,1,Yes,Yes,84990.0,11.0,Intel Core i5,13.3,512
DELL,inspiron,Intel,Core i5,8.0,DDR4,512,0,Windows,64,0,ThinNlight,0,No,No,59990.0,11.0,Intel Core i5,15.6,512
HP,15s,Intel,Core i5,8.0,DDR4,0,1024,Windows,64,0,ThinNlight,1,No,Yes,39990.0,11.0,Intel Core i5,15.6,1024
DELL,inspiron,AMD,Core i5,8.0,DDR4,256,0,Windows,64,0,ThinNlight,1,No,No,44390.0,,Intel Core i5,15.6,256
ASUS,zenbook,Intel,Core i5,8.0,DDR4,1024,0,Windows,64,2,Casual,1,No,Yes,124990.0,10.0,Intel Core i5,14.0,1024
LENOVO,yoga,AMD,Core i5,8.0,DDR4,512,0,Windows,64,0,ThinNlight,1,Yes,Yes,77990.0,,Intel Core i5,13.3,512
DELL,xps,Intel,Core i5,8.0,DDR4,512,0,Windows,64,0,ThinNlight,1,No,Yes,111890.0,10.0,Intel Core i5,13.3,512
DELL,inspiron,Intel,Core i5,8.0,DDR4,1024,0,Windows,64,2,Casual,0,No,No,122410.0,11.0,Intel Core i5,15.6,1024
DELL,inspiron,Intel,Core i5,8.0,DDR4,512,0,Windows,64,2,Casual,1,No,No,65990.0,11.0,Intel Core i5,15.6,512
ASUS,zenbook,Intel,Core i5,8.0,DDR4,512,0,Windows,32,0,Casual,1,No,Yes,72990.0,11.0,Intel Core i5,14.0,512
HP,pavilion,Intel,Core i5,8.0,DDR4,512,0,Windows,64,0,Casual,1,Yes,Yes,69267.0,11.0,Intel Core i5,14.0,512
DELL,inspiron,Intel,Core i5,8.0,DDR4,256,1024,Windows,64,0,Casual,1,No,No,44690.0,10.0,Intel Core i5,15.6,1280
DELL,inspiron,Intel,Core i5,8.0,DDR4,512,0,Windows,64,0,ThinNlight,1,No,Yes,71090.0,11.0,Intel Core i5,14.0,512
HP,spectre,Intel,Core i5,8.0,DDR4,1024,0,Windows,64,0,Casual,1,Yes,No,179990.0,10.0,Intel Core i5,13.3,1024
LENOVO,ideapad,Intel,Core i5,8.0,DDR4,512,0,Windows,32,4,Casual,3,No,Yes,81490.0,,Intel Core i5,16.0,512
MSI,katana,Intel,Core i5,8.0,DDR4,512,0,Windows,64,4,Casual,2,No,No,74990.0,11.0,Intel Core i5,15.6,512
HP,15s,AMD,Core i5,8.0,DDR4,512,0,Windows,64,0,ThinNlight,1,No,Yes,44490.0,,Intel Core i5,15.6,512
DELL,vostro,Intel,Core i5,8.0,DDR4,256,0,Windows,64,0,ThinNlight,0,No,No,44427.0,11.0,Intel Core i5,14.0,256
ACER,swift,AMD,Core i5,8.0,DDR4,1024,0,Windows,64,4,Casual,1,No,No,99990.0,,Intel Core i5,14.0,1024
MSI,summit,Intel,Core i5,8.0,DDR4,1024,0,Windows,64,4,Casual,2,Yes,No,154990.0,11.0,Intel Core i5,15.6,1024
DELL,ryzen,AMD,Core i5,8.0,DDR4,1024,0,Windows,32,0,Casual,0,No,No,57900.0,,Intel Core i5,15.6,1024
ASUS,zenbook,Intel,Core i5,8.0,DDR4,512,0,Windows,64,0,Casual,1,No,Yes,79990.0,10.0,Intel Core i5,13.3,512
ASUS,tuf,AMD,Core i5,8.0,DDR4,1024,0,Windows,32,4,Gaming,0,No,No,95990.0,,Intel Core i5,15.6,1024
LENOVO,ideapad,Intel,Core i5,8.0,DDR4,256,1024,Windows,64,4,Gaming,0,No,No,74590.0,10.0,Intel Core i5,15.6,1280
MSI,modern,Intel,Core i5,8.0,DDR4,512,0,Windows,64,0,Casual,1,No,No,55490.0,11.0,Intel Core i5,14.0,512
ASUS,vivobook,Intel,Core i5,8.0,DDR4,256,0,Windows,64,0,Casual,1,No,No,35990.0,10.0,Intel Core i5,14.0,256
ACER,aspire,Intel,Core i5,8.0,DDR4,0,1024,Windows,64,2,Casual,1,No,Yes,59999.0,8.0,Intel Core i5,15.6,1024
LENOVO,yoga,Intel,Core i5,8.0,DDR4,1024,0,Windows,64,0,Casual,1,No,Yes,122990.0,11.0,Intel Core i5,13.3,1024
DELL,vostro,Intel,Core i5,8.0,DDR4,512,0,Windows,64,2,ThinNlight,1,No,Yes,66490.0,11.0,Intel Core i5,14.0,512
ASUS,vivobook,Intel,Core i5,8.0,DDR4,512,0,Windows,64,0,Casual,1,No,Yes,53400.0,11.0,Intel Core i5,15.6,512
HP,pavilion,AMD,Core i5,8.0,DDR4,512,0,Windows,64,0,ThinNlight,1,No,Yes,55090.0,,Intel Core i5,14.0,512
ACER,predator,Intel,Core i5,8.0,DDR4,2048,0,Windows,64,8,Casual,1,No,No,159990.0,10.0,Intel Core i5,15.6,2048
ASUS,zenbook,AMD,Core i5,8.0,DDR4,512,0,Windows,64,0,Casual,0,Yes,No,91990.0,,Intel Core i5,14.0,512
HP,pavilion,Intel,Core i5,8.0,DDR4,512,0,Windows,64,4,Gaming,1,No,Yes,90190.0,11.0,Intel Core i5,15.6,512
ASUS,vivobook,Intel,Core i5,8.0,DDR4,512,0,Windows,64,0,Casual,1,No,Yes,51649.0,11.0,Intel Core i5,15.6,512
ASUS,vivobook,AMD,Core i5,8.0,DDR4,512,0,Windows,64,0,Casual,1,No,Yes,56990.0,,Intel Core i5,15.6,512
MSI,gs66,Intel,Core i5,8.0,DDR4,0,0,Missing,32,8,Casual,0,No,No,207290.0,,Intel Core i5,0.0,0
DELL,inspiron,Intel,Core i5,8.0,DDR4,512,0,Windows,64,0,Casual,1,Yes,Yes,74500.0,11.0,Intel Core i5,14.0,512
DELL,xps,Intel,Core i5,8.0,DDR4,512,0,Windows,64,0,ThinNlight,1,No,Yes,114990.0,11.0,Intel Core i5,13.3,512
HP,core,Intel,Core i5,8.0,DDR4,0,1024,Windows,64,0,ThinNlight,1,No,Yes,41990.0,11.0,Intel Core i5,15.6,1024
DELL,vostro,Intel,Core i5,8.0,DDR4,512,0,Windows,64,2,ThinNlight,0,No,No,61990.0,11.0,Intel Core i5,14.0,512
ASUS,rog,Intel,Core i5,8.0,DDR4,1024,0,Windows,64,4,Casual,0,No,No,82990.0,10.0,Intel Core i5,15.6,1024
ACER,aspire,AMD,Core i5,8.0,DDR4,256,0,Windows,64,0,Casual,1,No,No,29990.0,,Intel Core i5,14.0,256
APPLE,macbook,Intel,Core i5,8.0,DDR4,512,0,Mac,64,0,Casual,1,No,No,159990.0,10.0,Intel Core i5,13.0,512
ASUS,vivobook,Intel,Core i5,8.0,DDR4,0,1024,Windows,64,0,ThinNlight,1,No,No,46990.0,10.0,Intel Core i5,15.6,1024
APPLE,macbook,Intel,Core i5,8.0,DDR4,512,0,Mac,64,0,Casual,1,No,No,172090.0,8.0,Intel Core i5,13.3,512
HP,pavilion,AMD,Core i5,8.0,DDR4,512,0,Windows,64,0,Casual,1,No,Yes,84208.0,,Intel Core i5,13.3,512
LENOVO,core,Intel,Core i5,8.0,DDR4,512,0,Windows,32,0,Casual,0,Yes,No,88488.0,11.0,Intel Core i5,14.0,512
ACER,predator,Pre-installed,Core i5,8.0,DDR4,0,0,Missing,32,4,Casual,0,No,No,129999.0,,Intel Core i5,0.0,0
MSI,modern,AMD,Core i5,8.0,DDR4,512,0,Windows,64,0,Casual,0,No,No,64990.0,,Intel Core i5,15.6,512
MSI,prestige,Intel,Core i5,8.0,DDR4,512,0,Windows,64,4,Casual,1,No,No,109990.0,10.0,Intel Core i5,15.6,512
MSI,sword,Intel,Core i5,8.0,DDR4,512,0,Windows,64,4,Casual,0,No,No,74990.0,11.0,Intel Core i5,15.6,512
LENOVO,ideapad,AMD,Core i5,8.0,DDR4,512,0,Windows,64,0,Casual,1,No,Yes,60990.0,,Intel Core i5,14.0,512
ASUS,core,Intel,Core i5,8.0,DDR4,1024,0,Windows,64,6,Casual,1,Yes,No,224990.0,10.0,Intel Core i5,15.6,1024
DELL,xps,Intel,Core i5,8.0,DDR4,0,0,Missing,32,0,ThinNlight,1,No,No,139990.0,,Intel Core i5,0.0,0
HP,omen,AMD,Core i5,8.0,DDR4,1024,0,Windows,64,8,Casual,1,No,No,159990.0,,Intel Core i5,15.6,1024
MSI,modern,Intel,Core i5,8.0,DDR4,512,0,Windows,64,0,Casual,1,No,No,56490.0,10.0,Intel Core i5,14.0,512
ASUS,core,Intel,Core i5,8.0,DDR4,256,1024,Windows,32,2,Casual,0,No,No,58990.0,10.0,Intel Core i5,15.6,1280
DELL,inspiron,AMD,Core i5,8.0,DDR4,0,1024,Windows,64,0,ThinNlight,1,No,Yes,52632.0,,Intel Core i5,15.6,1024
ASUS,vivobook,AMD,Core i5,8.0,DDR4,1024,0,Windows,64,0,Casual,1,No,No,104990.0,,Intel Core i5,14.0,1024
ASUS,rog,AMD,Core i5,8.0,DDR4,1024,0,Windows,64,0,Casual,1,No,Yes,76990.0,,Intel Core i5,14.0,1024
ASUS,eeebook,Intel,Core i5,8.0,DDR4,256,0,Windows,64,0,ThinNlight,0,No,No,31990.0,,Intel Core i5,14.0,256
MSI,sword,Intel,Core i5,8.0,DDR4,512,0,Windows,64,4,Casual,0,No,No,86990.0,11.0,Intel Core i5,15.6,512
LENOVO,thinkpad,Intel,Core i5,8.0,DDR4,512,0,Windows,64,0,ThinNlight,3,No,No,147000.0,10.0,Intel Core i5,13.3,512
ASUS,tuf,Intel,Core i5,8.0,DDR4,1024,0,Windows,64,4,Casual,1,No,No,87990.0,11.0,Intel Core i5,15.6,1024
HP,core,Intel,Core i5,8.0,DDR4,512,0,Windows,64,0,ThinNlight,1,No,Yes,47990.0,11.0,Intel Core i5,15.6,512
ACER,swift,Intel,Core i5,8.0,DDR4,256,0,Windows,64,0,ThinNlight,1,No,Yes,86867.0,7.0,Intel Core i5,13.3,256
DELL,inspiron,AMD,Core i5,8.0,DDR4,0,1024,Windows,64,0,Casual,1,No,Yes,39990.0,,Intel Core i5,15.6,1024
LENOVO,ideapad,Intel,Core i5,8.0,DDR4,256,0,Windows,64,0,Casual,1,No,Yes,40200.0,10.0,Intel Core i5,15.6,256
LENOVO,ideapad,Intel,Core i5,8.0,DDR4,512,0,Windows,64,0,ThinNlight,1,No,Yes,55990.0,11.0,Intel Core i5,14.0,512
HP,pavilion,Intel,Core i5,8.0,DDR4,512,0,Windows,64,4,Gaming,1,No,Yes,77990.0,11.0,Intel Core i5,15.6,512
MSI,prestige,Intel,Core i7,8.0,DDR4,512,0,Windows,64,0,Casual,1,No,No,89990.0,11.0,Intel Core i7,14.0,512
MSI,stealth,Intel,Core i7,8.0,DDR4,1024,0,Windows,64,8,Casual,0,No,No,279990.0,12.0,Intel Core i7,15.6,1024
HP,envy,Intel,Core i7,8.0,DDR4,512,0,Windows,64,4,Casual,1,No,Yes,106490.0,10.0,Intel Core i7,15.6,512
LENOVO,ideapad,Intel,Core i7,8.0,DDR4,512,0,Windows,32,2,Casual,1,No,Yes,70990.0,11.0,Intel Core i7,14.0,512
ASUS,rog,Intel,Core i7,8.0,DDR4,1024,0,Windows,64,6,Casual,0,No,No,299990.0,12.0,Intel Core i7,15.6,1024
ASUS,rog,AMD,Core i7,8.0,DDR4,1024,0,Windows,64,4,Casual,1,Yes,No,114990.0,,Intel Core i7,13.4,1024
HP,15,Intel,Core i7,8.0,DDR4,128,1024,Windows,64,4,Casual,1,No,No,116941.0,8.0,Intel Core i7,15.6,1152
MICROSOFT,surface,Intel,Core i7,8.0,DDR4,128,0,Windows,64,0,Casual,0,Yes,No,100190.0,10.0,Intel Core i7,13.0,128
ASUS,vivobook,Intel,Core i7,8.0,DDR4,0,0,Windows,64,0,Casual,0,No,No,26990.0,,Intel Core i7,0.0,0
LENOVO,thinkpad,Intel,Core i7,8.0,DDR4,512,512,Windows,64,0,ThinNlight,3,Yes,No,155411.0,10.0,Intel Core i7,14.0,1024
HP,spectre,Intel,Core i7,8.0,DDR4,512,0,Windows,64,0,Casual,1,Yes,Yes,239759.0,10.0,Intel Core i7,13.3,512
LENOVO,thinkpad,Intel,Core i7,8.0,DDR4,512,0,Windows,64,0,Casual,1,No,Yes,64990.0,11.0,Intel Core i7,15.6,512
ACER,nitro,AMD,Core i7,8.0,DDR4,0,0,Missing,32,4,Casual,0,No,No,72990.0,,Intel Core i7,0.0,0
LENOVO,core,Intel,Core i7,8.0,DDR4,256,0,Windows,32,0,Casual,0,No,No,40990.0,10.0,Intel Core i7,14.0,256
DELL,inspiron,Intel,Core i7,8.0,DDR4,256,0,Windows,64,0,ThinNlight,1,No,No,42490.0,10.0,Intel Core i7,14.96,256
HP,pavilion,AMD,Core i7,8.0,DDR4,256,1024,Windows,64,4,Gaming,1,No,No,80000.0,,Intel Core i7,15.6,1280
ASUS,vivobook,Intel,Core i7,8.0,DDR4,256,0,Windows,64,0,Casual,0,No,No,29890.0,,Intel Core i7,15.6,256
ACER,aspire,AMD,Core i7,8.0,DDR4,512,0,Windows,64,0,Casual,1,No,No,44990.0,,Intel Core i7,15.6,512
ACER,aspire,Intel,Core i7,8.0,DDR4,512,0,Windows,64,0,Casual,1,No,No,57990.0,11.0,Intel Core i7,15.6,512
HP,15s,AMD,Core i7,8.0,DDR4,512,0,Windows,64,0,ThinNlight,1,No,Yes,53490.0,,Intel Core i7,15.6,512
LG,gram,Intel,Core i7,8.0,DDR4,256,0,Windows,64,0,Casual,0,No,No,76990.0,10.0,Intel Core i7,15.6,256
DELL,core,Intel,Core i7,8.0,DDR4,0,1024,Windows,32,0,Casual,0,No,No,43970.0,11.0,Intel Core i7,15.6,1024
HP,omen,Intel,Core i7,8.0,DDR4,1024,0,Windows,64,4,Casual,0,No,No,121990.0,11.0,Intel Core i7,16.1,1024
ACER,extensa,Intel,Core i7,8.0,DDR4,256,0,Windows,64,0,Casual,1,No,No,30990.0,,Intel Core i7,15.6,256
HP,omen,Intel,Core i7,8.0,DDR4,1024,0,Windows,64,4,Casual,0,No,No,116990.0,11.0,Intel Core i7,16.1,1024
APPLE,macbook,Apple,Core i7,8.0,DDR4,512,0,Mac,64,0,Casual,1,No,No,124990.0,,Intel Core i7,13.3,512
ASUS,expertbook,Intel,Core i7,8.0,DDR4,256,1024,Windows,64,0,Casual,0,No,No,40990.0,10.0,Intel Core i7,15.6,1280
LENOVO,legion,Intel,Core i7,8.0,DDR4,1024,0,Windows,64,6,Casual,0,No,No,151098.0,11.0,Intel Core i7,16.0,1024
ASUS,vivobook,Intel,Core i7,8.0,DDR4,512,0,Windows,64,2,Casual,1,No,Yes,78990.0,11.0,Intel Core i7,15.6,512
DELL,g15,NVIDIA,Core i7,8.0,DDR4,0,0,Missing,32,4,Casual,0,No,No,95990.0,,Intel Core i7,0.0,0
DELL,xps,Intel,Core i7,8.0,DDR4,512,0,Windows,64,0,ThinNlight,1,No,Yes,121890.0,8.0,Intel Core i7,13.3,512
REALME,book,Intel,Core i7,8.0,DDR4,256,0,Windows,64,0,ThinNlight,1,No,Yes,47999.0,11.0,Intel Core i7,14.0,256
ASUS,expertbook,Intel,Core i7,8.0,DDR4,256,0,Missing,64,0,Casual,0,No,No,35990.0,11.0,Intel Core i7,15.6,256
ASUS,tuf,Intel,Core i7,8.0,DDR4,512,0,Windows,64,4,Gaming,1,No,No,64990.0,10.0,Intel Core i7,15.6,512
ASUS,zenbook,Intel,Core i7,8.0,DDR4,512,0,Windows,64,0,ThinNlight,1,No,No,85990.0,8.0,Intel Core i7,14.0,512
DELL,vostro,Intel,Core i7,8.0,DDR4,256,1024,Windows,64,0,ThinNlight,1,No,Yes,43990.0,11.0,Intel Core i7,14.0,1280
MSI,modern,Intel,Core i7,8.0,DDR4,512,0,Windows,64,0,Casual,1,No,No,54990.0,10.0,Intel Core i7,14.0,512
HP,omen,Intel,Core i7,8.0,DDR4,0,0,Missing,32,4,Casual,0,No,No,102551.0,,Intel Core i7,0.0,0
DELL,core,Intel,Core i7,8.0,DDR4,256,0,Windows,64,0,Casual,0,Yes,No,71999.0,11.0,Intel Core i7,14.0,256
ASUS,rog,AMD,Core i7,8.0,DDR4,1024,0,Windows,64,4,Casual,1,Yes,Yes,124990.0,,Intel Core i7,13.4,1024
LENOVO,ryzen,AMD,Core i7,8.0,DDR4,512,0,Windows,64,4,Casual,1,No,Yes,84988.0,,Intel Core i7,15.6,512
LENOVO,legion,AMD,Core i7,8.0,DDR4,512,0,Windows,64,4,Casual,0,No,No,76498.0,,Intel Core i7,15.6,512
MSI,katana,Intel,Core i7,8.0,DDR4,512,0,Windows,64,4,Casual,2,No,No,94990.0,11.0,Intel Core i7,15.6,512
HP,pavilion,AMD,Core i7,8.0,DDR4,512,0,Windows,64,4,Casual,1,No,No,90990.0,,Intel Core i7,15.6,512
VAIO,se,Intel,Core i7,8.0,DDR4,512,0,Windows,64,0,ThinNlight,2,No,Yes,62890.0,8.0,Intel Core i7,14.0,512
MICROSOFT,surface,AMD,Core i7,8.0,DDR4,128,0,Windows,64,0,Casual,0,Yes,No,99990.0,,Intel Core i7,15.0,128
ASUS,vivobook,AMD,Core i7,8.0,DDR4,256,0,Windows,64,0,ThinNlight,1,No,Yes,34500.0,,Intel Core i7,15.6,256
DELL,ryzen,AMD,Core i7,8.0,DDR4,512,0,Windows,64,4,Casual,1,No,No,98920.0,,Intel Core i7,14.96,512
LENOVO,legion,AMD,Core i7,8.0,DDR4,1024,0,Windows,64,6,Casual,1,No,Yes,130990.0,,Intel Core i7,15.6,1024
LG,gram,Intel,Core i7,8.0,DDR4,256,0,Windows,64,0,ThinNlight,0,No,No,76990.0,11.0,Intel Core i7,14.0,256
ASUS,vivobook,AMD,Core i7,8.0,DDR4,1024,0,Windows,64,0,Casual,1,No,No,99990.0,,Intel Core i7,15.6,1024
HP,spectre,Intel,Core i7,8.0,DDR4,512,0,Windows,64,0,Casual,0,Yes,No,111999.0,11.0,Intel Core i7,13.5,512
MSI,gp76,Intel,Core i7,8.0,DDR4,0,0,Missing,32,8,Casual,0,No,No,179990.0,,Intel Core i7,0.0,0
ASUS,vivobook,Intel,Core i7,8.0,DDR4,256,0,Windows,64,0,Casual,1,No,No,39990.0,11.0,Intel Core i7,15.6,256
MSI,pulse,Intel,Core i7,8.0,DDR4,1024,0,Windows,64,8,Casual,2,No,No,129990.0,11.0,Intel Core i7,15.6,1024
ASUS,zenbook,AMD,Core i7,8.0,DDR4,1024,0,Windows,64,0,Casual,0,Yes,No,134990.0,,Intel Core i7,14.0,1024
LENOVO,yoga,Intel,Core i7,8.0,DDR4,512,0,Windows,64,2,Casual,1,No,Yes,70798.0,10.0,Intel Core i7,14.0,512
DELL,vostro,AMD,Core i7,8.0,DDR4,512,0,Windows,64,0,ThinNlight,0,No,No,40590.0,,Intel Core i7,14.0,512
LENOVO,legion,Intel,Core i7,8.0,DDR4,512,0,Windows,64,4,Casual,0,No,No,59990.0,9.0,Intel Core i7,15.6,512
MSI,modern,AMD,Core i7,8.0,DDR4,512,0,Windows,64,0,Casual,0,No,No,54990.0,,Intel Core i7,15.6,512
ASUS,vivobook,Intel,Core i7,8.0,DDR4,512,0,Windows,64,0,Casual,1,No,No,40990.0,10.0,Intel Core i7,14.0,512
ASUS,core,Intel,Core i7,8.0,DDR4,1024,0,Windows,64,6,Casual,1,Yes,No,269990.0,10.0,Intel Core i7,15.6,1024
ACER,conceptd,Intel,Core i7,8.0,DDR4,512,0,Windows,64,4,Casual,1,No,No,99500.0,8.0,Intel Core i7,15.6,512
ASUS,vivobook,Intel,Core i7,8.0,DDR4,256,0,Windows,64,0,ThinNlight,1,No,No,48990.0,11.0,Intel Core i7,14.0,256
HP,spectre,Intel,Core i7,8.0,DDR4,1024,0,Windows,64,0,Casual,1,Yes,No,149999.0,11.0,Intel Core i7,13.5,1024
HP,14s,Intel,Core i7,8.0,DDR4,512,0,Windows,64,0,ThinNlight,1,No,Yes,55990.0,10.0,Intel Core i7,14.0,512
ASUS,rog,AMD,Core i7,8.0,DDR4,1024,0,Windows,64,4,Casual,0,No,No,112990.0,,Intel Core i7,15.6,1024
VAIO,e,AMD,Core i7,8.0,DDR4,512,0,Windows,64,0,ThinNlight,2,No,Yes,56990.0,,Intel Core i7,15.6,512
ASUS,vivobook,Intel,Core i7,8.0,DDR4,256,1024,Windows,64,0,Casual,1,No,No,64990.0,11.0,Intel Core i7,15.6,1280
LENOVO,ideapad,Intel,Core i7,8.0,DDR4,256,0,Windows,64,0,Casual,1,No,Yes,41998.0,10.0,Intel Core i7,15.6,256
LENOVO,ideapad,AMD,Core i7,8.0,DDR4,1024,0,Windows,64,0,Casual,1,No,Yes,77988.0,,Intel Core i7,14.0,1024
MSI,core,Intel,Core i7,8.0,DDR4,1024,0,Windows,64,6,Casual,0,No,No,139990.0,12.0,Intel Core i7,15.6,1024
ASUS,zenbook,Intel,Core i7,8.0,DDR4,512,0,Windows,64,0,ThinNlight,1,No,No,72990.0,8.0,Intel Core i7,13.3,512
HP,omen,AMD,Core i7,8.0,DDR4,1024,0,Windows,64,8,Casual,1,No,Yes,141990.0,,Intel Core i7,16.1,1024
ASUS,asus,Intel,Core i7,8.0,DDR4,0,0,Windows,64,0,Casual,0,No,No,45990.0,,Intel Core i7,0.0,0
ALIENWARE,core,NVIDIA,Core i7,8.0,DDR4,0,0,Missing,32,6,Casual,0,No,No,214790.0,,Intel Core i7,0.0,0
ASUS,eeebook,Intel,Core i7,8.0,DDR4,0,0,Windows,32,0,Casual,0,No,No,21990.0,,Intel Core i7,,0
HP,notebook,Intel,Core i7,8.0,DDR4,0,1024,Windows,64,0,ThinNlight,1,No,No,39790.0,11.0,Intel Core i7,14.0,1024
ASUS,rog,AMD,Core i7,8.0,DDR4,1024,0,Windows,64,0,Casual,1,No,Yes,76000.0,,Intel Core i7,14.0,1024
ACER,predator,Intel,Core i7,8.0,DDR4,1024,0,Windows,64,6,Casual,1,No,No,129990.0,11.0,Intel Core i7,15.6,1024
ACER,swift,Intel,Core i7,8.0,DDR4,512,0,Windows,64,0,ThinNlight,1,No,No,64990.0,8.0,Intel Core i7,14.0,512
ASUS,core,Intel,Core i7,8.0,DDR4,512,0,Windows,64,0,ThinNlight,0,No,No,57990.0,11.0,Intel Core i7,15.6,512
HP,omen,Intel,Core i7,8.0,DDR4,1024,0,Windows,64,8,Casual,1,No,Yes,171990.0,11.0,Intel Core i7,16.1,1024
ASUS,core,Intel,Core i7,8.0,DDR4,512,0,Windows,64,0,ThinNlight,1,No,Yes,42990.0,10.0,Intel Core i7,15.6,512
SMARTRON,t.book,Intel,Core i7,8.0,DDR4,128,0,Windows,64,0,Casual,0,Yes,No,52990.0,7.0,Intel Core i7,12.2,128
ASUS,vivobook,AMD,Core i7,8.0,DDR4,512,0,Windows,64,0,Casual,1,No,No,63990.0,,Intel Core i7,14.0,512
ACER,aspire,AMD,Core i7,8.0,DDR4,512,0,Windows,64,0,Casual,1,No,No,49990.0,,Intel Core i7,15.6,512
LENOVO,ideapad,AMD,Core i7,8.0,DDR4,512,0,Windows,64,0,Casual,1,No,Yes,63990.0,,Intel Core i7,14.0,512
HP,ryzen,AMD,Core i7,8.0,DDR4,512,0,Windows,64,0,ThinNlight,1,No,Yes,57999.0,,Intel Core i7,14.0,512
MSI,gp65,Intel,Core i7,8.0,DDR4,0,0,Missing,32,6,Casual,0,No,No,145990.0,,Intel Core i7,0.0,0
HP,hp,Intel,Core i7,8.0,DDR4,512,0,Windows,64,2,Casual,1,Yes,Yes,76990.0,11.0,Intel Core i7,13.3,512
DELL,ryzen,AMD,Core i7,8.0,DDR4,256,1024,Windows,32,0,Casual,0,No,No,51990.0,,Intel Core i7,15.6,1280
ASUS,rog,AMD,Core i7,8.0,DDR4,1024,0,Windows,64,0,Casual,1,No,No,129990.0,,Intel Core i7,15.6,1024
DELL,inspiron,Intel,Core i7,8.0,DDR4,256,1024,Windows,64,2,Casual,0,No,No,66490.0,11.0,Intel Core i7,15.6,1280
DELL,inspiron,Intel,Core i7,8.0,DDR4,256,0,Windows,64,0,ThinNlight,1,No,No,36000.0,,Intel Core i7,15.6,256
ASUS,rog,AMD,Core i7,8.0,DDR4,1024,0,Windows,64,4,Casual,1,Yes,No,99990.0,,Intel Core i7,13.4,1024
LENOVO,ideapad,Intel,Core i7,8.0,DDR4,512,0,Windows,64,0,Casual,2,No,Yes,62998.0,11.0,Intel Core i7,15.6,512
ASUS,core,Intel,Core i7,8.0,DDR4,256,0,Windows,32,0,Casual,0,No,No,41990.0,11.0,Intel Core i7,15.6,256
DELL,inspiron,Intel,Core i7,8.0,DDR4,512,0,Windows,64,0,Casual,1,Yes,Yes,77990.0,11.0,Intel Core i7,14.0,512
ASUS,rog,Intel,Core i7,8.0,DDR4,0,0,Missing,32,4,Casual,0,No,No,106167.0,,Intel Core i7,0.0,0
MICROSOFT,surface,Intel,Core i7,8.0,DDR4,128,0,Windows,64,0,Casual,0,Yes,No,91999.0,8.0,Intel Core i7,13.5,128
ASUS,ryzen,AMD,Core i7,8.0,DDR4,512,0,Windows,32,4,Casual,0,No,No,72400.0,,Intel Core i7,14.0,512
LENOVO,ideapad,Intel,Core i7,8.0,DDR4,256,0,Windows,64,0,Casual,2,No,Yes,39999.0,10.0,Intel Core i7,15.6,256
HP,spectre,Intel,Core i9,8.0,DDR4,512,0,Windows,64,0,Casual,1,Yes,Yes,114990.0,10.0,Intel Core i9,13.3,512
HP,ryzen,AMD,Core i9,8.0,DDR4,512,0,Windows,32,0,Casual,0,No,No,52380.0,,Intel Core i9,15.6,512
ASUS,rog,AMD,Core i9,8.0,DDR4,1024,0,Windows,64,4,Casual,1,Yes,Yes,142990.0,,Intel Core i9,13.4,1024
ASUS,zephyrus,AMD,Core i9,8.0,DDR4,1024,0,Windows,64,0,Casual,1,No,No,121990.0,,Intel Core i9,14.0,1024
DELL,dell,Intel,Core i9,8.0,DDR4,512,0,Windows,64,2,Casual,1,No,Yes,65990.0,10.0,Intel Core i9,15.6,512
DELL,inspiron,Intel,Core i9,8.0,DDR4,512,0,Windows,64,2,Casual,1,No,Yes,88990.0,11.0,Intel Core i9,14.0,512
DELL,inspiron,Intel,Core i9,8.0,DDR4,1024,0,Windows,64,2,Casual,1,No,Yes,93955.0,11.0,Intel Core i9,15.6,1024
LENOVO,yoga,AMD,Dual Core,8.0,DDR4,512,0,Windows,64,0,Casual,1,Yes,No,78990.0,,Entry level,13.3,512
LG,gram,Intel,Dual Core,8.0,DDR4,256,0,Windows,64,0,Casual,0,No,No,62990.0,10.0,Entry level,14.0,256
ASUS,rog,Intel,Ever Screenpad,8.0,DDR4,1024,0,Windows,64,8,Casual,0,No,No,234990.0,10.0,,15.6,1024
DELL,vostro,Intel,Ever Screenpad,8.0,DDR4,256,1024,Windows,64,0,ThinNlight,1,No,Yes,43590.0,11.0,,14.0,1280
ASUS,commercial,Intel,GB SSD,8.0,DDR4,256,0,Windows,32,0,Casual,0,No,No,39990.0,10.0,,14.0,256
HP,spectre,Intel,GeForce GTX,8.0,DDR4,1024,0,Windows,64,0,Casual,1,Yes,Yes,128500.0,11.0,,13.3,1024
LENOVO,x390,Intel,GeForce GTX,8.0,DDR4,512,0,Windows,64,0,Casual,0,No,No,113590.0,10.0,,13.3,512
DELL,vostro,Intel,GeForce RTX,8.0,DDR4,256,1024,Windows,64,0,ThinNlight,1,No,Yes,41390.0,10.0,,14.0,1280
ASUS,core,Intel,GeForce RTX,8.0,DDR4,0,1024,Windows,32,0,ThinNlight,0,No,No,35590.0,10.0,,14.0,1024
MI,notebook,Intel,GEFORCE RTX,8.0,DDR4,512,0,Windows,64,2,Casual,1,No,No,54990.0,10.0,,14.0,512
ASUS,core,Intel,GeForce RTX,8.0,DDR4,256,1024,Windows,32,0,ThinNlight,0,No,No,82500.0,11.0,,15.6,1280
DELL,inspiron,Intel,GeForce RTX,8.0,DDR4,256,0,Windows,64,0,ThinNlight,0,No,No,55990.0,11.0,,15.6,256
ASUS,vivobook,Intel,Genuine Windows,8.0,DDR4,512,0,Windows,64,0,Casual,1,Yes,Yes,73990.0,11.0,,14.0,512
ASUS,vivobook,Intel,Genuine Windows,8.0,DDR4,512,0,Windows,64,0,Casual,1,No,No,44890.0,11.0,,15.6,512
LENOVO,yoga,AMD,Genuine Windows,8.0,DDR4,1024,0,Windows,64,0,ThinNlight,3,Yes,Yes,81978.0,,,13.3,1024
ASUS,zephyrus,AMD,Hexa Core,8.0,DDR4,1024,0,Windows,64,0,Casual,1,No,No,111000.0,,Entry level,14.0,1024
LENOVO,yoga,Intel,Hexa Core,8.0,DDR4,1024,0,Windows,64,0,Casual,1,Yes,Yes,102990.0,11.0,Entry level,14.0,1024
LENOVO,ideapad,Intel,i5,8.0,DDR4,256,0,Windows,64,0,Casual,0,No,No,39998.0,11.0,Intel Core i5,15.6,256
HP,pavilion,Intel,i5,8.0,DDR4,512,0,Windows,64,4,Gaming,1,No,Yes,92000.0,11.0,Intel Core i5,15.6,512
HP,pavilion,AMD,i5,8.0,DDR4,0,1024,Windows,64,4,Gaming,1,No,No,59990.0,,Intel Core i5,15.6,1024
LG,gram,Intel,i5,8.0,DDR4,512,0,Windows,64,0,ThinNlight,0,No,No,86990.0,11.0,Intel Core i5,16.0,512
HP,14s,Intel,i5,8.0,DDR4,256,0,Windows,64,0,ThinNlight,1,No,Yes,42490.0,11.0,Intel Core i5,14.0,256
MSI,gf63,Intel,i5,8.0,DDR4,0,1024,Windows,64,4,Casual,2,No,No,52990.0,10.0,Intel Core i5,15.6,1024
HP,core,Intel,i7,8.0,DDR4,512,0,Windows,64,0,ThinNlight,1,No,Yes,61000.0,11.0,Intel Core i7,15.6,512
ACER,aspire,AMD,i7,8.0,DDR4,512,0,Windows,64,0,ThinNlight,1,No,No,59990.0,,Intel Core i7,15.6,512
ASUS,zenbook,Intel,i7,8.0,DDR4,512,0,Windows,64,0,Casual,1,Yes,No,99990.0,11.0,Intel Core i7,14.0,512
ASUS,rog,AMD,i7,8.0,DDR4,1024,0,Windows,64,4,Casual,1,Yes,Yes,124990.0,,Intel Core i7,13.4,1024
ACER,predator,Intel,i7,8.0,DDR4,256,1024,Windows,64,6,Casual,1,No,No,119990.0,10.0,Intel Core i7,15.6,1280
ASUS,rog,AMD,i7,8.0,DDR4,512,0,Windows,32,4,Casual,1,No,No,111990.0,,Intel Core i7,15.6,512
LENOVO,thinkpad,Intel,i7,8.0,DDR4,512,0,Windows,64,0,ThinNlight,1,No,Yes,67990.0,11.0,Intel Core i7,15.6,512
ACER,aspire,AMD,i7,8.0,DDR4,512,0,Windows,64,0,ThinNlight,1,No,No,49990.0,,Intel Core i7,15.6,512
HP,ryzen,AMD,i7,15.6,DDR4,512,0,Windows,32,0,Casual,0,Yes,No,109000.0,,Intel Core i7,13.3,512
DELL,g3,Intel,i7,15.6,DDR4,256,1024,Windows,64,4,Casual,0,No,No,77900.0,10.0,Intel Core i7,15.6,1280
DELL,inspiron,Intel,i7,15.6,DDR4,512,0,Windows,64,0,Casual,1,Yes,Yes,70799.0,11.0,Intel Core i7,14.0,512
HP,14s,AMD,i7,15.6,DDR4,512,0,Windows,64,0,ThinNlight,1,No,Yes,52500.0,,Intel Core i7,14.0,512
LENOVO,yoga,Intel,i7,15.6,DDR4,0,0,Missing,32,0,Casual,0,No,No,171998.0,,Intel Core i7,0.0,0
LENOVO,core,Intel,M1 Max,15.6,DDR4,0,1024,Windows,32,2,Casual,0,No,No,57999.0,7.0,Apple M1,14.0,1024
LENOVO,b50-70,Intel,M1 Pro,16.0,DDR4,0,1024,Windows,64,0,Casual,0,No,No,52490.0,4.0,Apple M1,15.6,1024
ASUS,zenbook,Intel,M1 Pro,16.0,DDR4,1024,0,Windows,64,0,Casual,1,Yes,No,119990.0,11.0,Apple M1,14.0,1024
LENOVO,ideapad,Intel,M1 Pro,16.0,DDR4,0,1024,Windows,64,4,Casual,1,No,No,56990.0,8.0,Apple M1,15.6,1024
LENOVO,thinkpad,Intel,M1 Pro,16.0,DDR4,512,0,Windows,64,0,ThinNlight,1,No,Yes,65990.0,11.0,Apple M1,15.6,512
ACER,swift,Intel,M1 Pro,16.0,DDR4,256,0,Windows,64,0,ThinNlight,1,Yes,Yes,81998.0,8.0,Apple M1,14.0,256
ASUS,rog,AMD,M1 Processor,16.0,DDR4,1024,0,Windows,64,6,Casual,0,No,No,141990.0,,Apple M1,15.6,1024
ASUS,vivobook,Intel,M1 Processor,16.0,DDR4,512,0,Windows,64,0,ThinNlight,1,No,No,53690.0,8.0,Apple M1,14.0,512
DELL,core,Intel,M1 Processor,16.0,DDR4,0,0,Missing,32,4,Casual,1,No,No,68090.0,,Apple M1,0.0,0
MSI,wf65,Intel,M1 Processor,16.0,DDR4,256,1024,Windows,64,4,Casual,3,No,No,159990.0,10.0,Apple M1,15.6,1280
ASUS,pentium,Intel,M1 Processor,16.0,DDR4,128,0,Windows,32,0,Casual,0,Yes,No,58100.0,,Apple M1,13.3,128
VAIO,e,AMD,M1 Processor,16.0,DDR4,512,0,Windows,64,0,ThinNlight,2,No,Yes,49590.0,,Apple M1,15.6,512
ASUS,vivobook,AMD,M1 Processor,16.0,DDR4,1024,0,Windows,64,4,Casual,1,No,No,162990.0,,Apple M1,16.0,1024
MSI,modern,Intel,M1 Processor,16.0,DDR4,512,0,Windows,64,0,ThinNlight,1,No,No,55990.0,11.0,Apple M1,14.0,512
ASUS,zephyrus,Intel,M1 Processor,16.0,DDR4,3072,0,Windows,32,6,Casual,1,No,No,441990.0,11.0,Apple M1,17.3,3072
ASUS,vivobook,Intel,M1 Processor,16.0,DDR4,512,0,Windows,64,0,Casual,1,No,Yes,53190.0,11.0,Apple M1,15.6,512
LENOVO,ideapad,Intel,M1 Processor,16.0,DDR4,512,0,Windows,32,2,Casual,2,No,Yes,58999.0,10.0,Apple M1,15.6,512
ASUS,f17,Intel,M1 Processor,16.0,DDR4,1024,0,Windows,64,4,Casual,0,No,No,84500.0,11.0,Apple M1,17.3,1024
LENOVO,core,Intel,M1 Processor,16.0,DDR4,256,0,Windows,32,0,Casual,0,No,No,41990.0,10.0,Apple M1,15.6,256
ASUS,core,Intel,M1 Processor,16.0,DDR4,1024,0,Windows,32,6,Casual,0,No,No,120980.0,11.0,Apple M1,15.6,1024
DELL,inspiron,Intel,M1 Processor,16.0,DDR4,512,0,Windows,64,2,ThinNlight,3,No,No,71990.0,11.0,Apple M1,15.6,512
HP,14s,Intel,M1 Processor,16.0,DDR4,0,1024,Windows,64,0,ThinNlight,1,No,Yes,36490.0,10.0,Apple M1,14.0,1024
HP,core,Intel,M1 Processor,16.0,DDR4,512,0,Windows,32,4,Casual,0,No,No,82000.0,11.0,Apple M1,16.1,512
ASUS,core,Intel,MediaTek Kompanio,16.0,DDR4,256,0,Windows,32,0,Casual,0,No,No,48490.0,11.0,Entry level,15.6,256
ASUS,vivobook,Intel,MediaTek Kompanio,16.0,DDR4,0,1024,Windows,64,0,ThinNlight,1,No,Yes,38990.0,10.0,Entry level,15.6,1024
ASUS,zephyrus,Intel,MediaTek Kompanio,16.0,DDR4,1024,0,Windows,32,6,Casual,1,No,No,157249.0,11.0,Entry level,16.0,1024
ASUS,ryzen,AMD,Pentium Quad,16.0,DDR4,512,0,Windows,64,0,ThinNlight,1,No,Yes,49990.0,,Entry level,15.6,512
ALIENWARE,core,NVIDIA,Pentium Quad,16.0,DDR4,0,0,Missing,32,8,Casual,0,No,No,269290.0,,Entry level,0.0,0
ASUS,zenbook,Intel,Pentium Quad,16.0,DDR4,512,0,Windows,64,0,ThinNlight,0,No,No,84990.0,11.0,Entry level,13.3,512
DELL,inspiron,Intel,Pentium Quad,16.0,DDR4,256,1024,Windows,64,2,Casual,0,No,No,67490.0,11.0,Entry level,15.6,1280
ACER,aspire,AMD,Pentium Quad,16.0,DDR4,512,0,Windows,64,0,ThinNlight,1,No,No,75999.0,,Entry level,15.6,512
ASUS,vivobook,AMD,Pentium Quad,16.0,DDR4,1024,0,Windows,64,0,Casual,1,No,No,130500.0,,Entry level,16.0,1024
LENOVO,core,Intel,Pentium Quad,16.0,DDR4,1024,0,Windows,64,4,ThinNlight,0,No,No,229900.0,9.0,Entry level,15.6,1024
HP,core,Intel,Pentium Quad,16.0,DDR4,256,0,Windows,64,0,ThinNlight,1,No,Yes,44376.0,11.0,Entry level,14.0,256
HP,spectre,Intel,Pentium Quad,16.0,DDR4,512,0,Windows,64,0,Casual,1,Yes,No,162990.0,10.0,Entry level,13.3,512
ACER,dual,AMD,Pentium Quad,16.0,DDR4,256,0,Windows,64,0,Casual,1,No,No,31990.0,,Entry level,15.6,256
ACER,spin,Intel,Pentium Quad,16.0,DDR4,0,0,Missing,32,0,Casual,1,No,No,119990.0,,Entry level,0.0,0
ASUS,vivobook,Intel,Pentium Quad,16.0,DDR4,256,0,Windows,64,0,ThinNlight,1,No,Yes,32990.0,,Entry level,14.0,256
LENOVO,thinpad,Intel,Pentium Quad,16.0,DDR4,512,0,Windows,64,2,Casual,0,No,No,89998.0,11.0,Entry level,15.6,512
DELL,xps,Intel,Pentium Silver,16.0,DDR4,512,0,Windows,64,0,ThinNlight,1,No,Yes,135300.0,11.0,Entry level,13.3,512
MSI,modern,Intel,Pentium Silver,16.0,DDR4,512,0,Windows,64,0,Casual,0,No,No,64990.0,11.0,Entry level,14.0,512
ACER,aspire,Intel,processor_name,16.0,DDR4,0,1024,Windows,64,2,ThinNlight,1,No,No,61990.0,8.0,,15.6,1024
ASUS,vivobook,AMD,Quad,16.0,DDR4,1024,0,Windows,64,4,Casual,0,No,No,116990.0,,Entry level,14.0,1024
ASUS,zenbook,Intel,Ryzen 3,16.0,DDR4,512,0,Windows,64,0,Casual,1,Yes,No,99990.0,11.0,AMD Ryzen 3,14.0,512
ASUS,vivobook,Intel,Ryzen 3,16.0,DDR4,512,0,Windows,64,0,Casual,1,No,No,41490.0,10.0,AMD Ryzen 3,14.0,512
ASUS,asus,Intel,Ryzen 3,16.0,DDR4,1024,0,Windows,64,6,Casual,1,No,No,131500.0,11.0,AMD Ryzen 3,15.6,1024
ASUS,zenbook,Intel,Ryzen 3,16.0,DDR4,512,0,Windows,64,0,ThinNlight,0,No,No,84990.0,11.0,AMD Ryzen 3,13.3,512
LENOVO,ideapad,Intel,Ryzen 3,16.0,DDR4,512,0,Windows,64,4,Gaming,0,No,No,69899.0,10.0,AMD Ryzen 3,15.6,512
DELL,vostro,Intel,Ryzen 3,16.0,DDR4,256,1024,Windows,64,0,ThinNlight,1,No,Yes,61990.0,11.0,AMD Ryzen 3,14.0,1280
DELL,inpiron,Intel,Ryzen 3,16.0,DDR4,512,0,Windows,64,4,Casual,1,No,No,79990.0,10.0,AMD Ryzen 3,15.6,512
ASUS,ryzen,AMD,Ryzen 3,16.0,DDR4,1024,0,Windows,32,6,Casual,0,No,No,138990.0,,AMD Ryzen 3,14.0,1024
DELL,gaming,Intel,Ryzen 3,16.0,DDR4,512,0,Windows,64,4,Casual,1,No,No,76300.0,10.0,AMD Ryzen 3,15.6,512
DELL,vostro,Intel,Ryzen 3,16.0,DDR4,256,1024,Windows,64,0,ThinNlight,1,No,Yes,44290.0,10.0,AMD Ryzen 3,14.0,1280
DELL,core,Intel,Ryzen 3,16.0,DDR4,0,1024,Windows,32,0,Casual,0,No,No,58090.0,11.0,AMD Ryzen 3,15.0,1024
DELL,g5,AMD,Ryzen 3,16.0,DDR4,512,0,Windows,64,6,Casual,0,No,No,89990.0,,AMD Ryzen 3,15.6,512
LENOVO,yoga,AMD,Ryzen 3,16.0,DDR4,512,0,Windows,64,0,Casual,3,Yes,Yes,78988.0,,AMD Ryzen 3,13.3,512
LENOVO,ideapad,Intel,Ryzen 3,16.0,DDR4,512,0,Windows,64,0,Casual,1,No,Yes,55999.0,10.0,AMD Ryzen 3,15.6,512
DELL,inspiron,Intel,Ryzen 3,16.0,DDR4,512,0,Windows,64,0,ThinNlight,0,No,No,72900.0,11.0,AMD Ryzen 3,14.0,512
LENOVO,thinkpad,Intel,Ryzen 3,16.0,DDR4,512,0,Windows,64,0,ThinNlight,3,No,No,174527.0,10.0,AMD Ryzen 3,13.3,512
DELL,inspiron,Intel,Ryzen 3,16.0,DDR4,512,0,Windows,64,0,Casual,1,Yes,Yes,73990.0,11.0,AMD Ryzen 3,14.0,512
LENOVO,thinkpad,Intel,Ryzen 3,16.0,DDR4,512,512,Windows,64,0,ThinNlight,3,Yes,No,125394.0,10.0,AMD Ryzen 3,14.0,1024
ASUS,rog,AMD,Ryzen 3,16.0,DDR4,1024,0,Windows,64,4,Casual,1,Yes,Yes,234990.0,,AMD Ryzen 3,13.4,1024
ASUS,vivobook,AMD,Ryzen 3,16.0,DDR4,256,1024,Windows,64,0,Casual,1,No,Yes,62990.0,,AMD Ryzen 3,17.3,1280
DELL,inspiron,Intel,Ryzen 3,16.0,DDR4,256,1024,Windows,64,0,Casual,1,No,No,48999.0,11.0,AMD Ryzen 3,15.6,1280
ASUS,zenbook,Intel,Ryzen 3,16.0,DDR4,512,0,Windows,64,0,ThinNlight,0,No,No,84990.0,11.0,AMD Ryzen 3,13.3,512
DELL,core,Intel,Ryzen 3,16.0,DDR4,512,0,Windows,32,2,Casual,0,No,No,73519.0,11.0,AMD Ryzen 3,15.6,512
LENOVO,ryzen,AMD,Ryzen 3,16.0,DDR4,512,0,Windows,64,4,Casual,0,No,No,73138.0,,AMD Ryzen 3,15.6,512
ASUS,expertbook,Intel,Ryzen 5,16.0,DDR4,1024,0,Windows,64,0,Casual,0,No,No,154990.0,10.0,AMD Ryzen 5,14.0,1024
HP,spectre,Intel,Ryzen 5,16.0,DDR4,512,0,Windows,64,0,Casual,1,Yes,No,126000.0,10.0,AMD Ryzen 5,13.3,512
LENOVO,thinkpad,Intel,Ryzen 5,16.0,DDR4,512,0,Windows,64,0,ThinNlight,0,No,No,162299.0,10.0,AMD Ryzen 5,13.3,512
ASUS,core,Intel,Ryzen 5,16.0,DDR4,0,1024,Windows,32,0,ThinNlight,0,No,No,33990.0,10.0,AMD Ryzen 5,15.6,1024
ASUS,zenbook,First,Ryzen 5,16.0,DDR4,0,0,Missing,64,4,Casual,0,No,No,209690.0,,AMD Ryzen 5,0.0,0
ASUS,expertbook,Intel,Ryzen 5,16.0,DDR4,512,0,Missing,32,2,Casual,0,No,No,69990.0,10.0,AMD Ryzen 5,14.0,512
LG,gram,Intel,Ryzen 5,16.0,DDR4,256,0,Windows,64,0,ThinNlight,0,No,No,76990.0,11.0,AMD Ryzen 5,14.0,256
ASUS,asus,Intel,Ryzen 5,16.0,DDR4,512,0,Windows,64,6,Casual,1,No,No,88990.0,11.0,AMD Ryzen 5,15.6,512
ASUS,amd,AMD,Ryzen 5,16.0,DDR4,512,0,Windows,64,0,Casual,1,No,No,80990.0,,AMD Ryzen 5,13.3,512
AVITA,pura,AMD,Ryzen 5,16.0,DDR4,256,0,Windows,64,0,ThinNlight,0,No,No,24990.0,,AMD Ryzen 5,14.0,256
DELL,dell,AMD,Ryzen 5,16.0,DDR4,0,1024,Windows,64,0,Casual,1,No,No,43990.0,,AMD Ryzen 5,15.6,1024
HP,hp,Intel,Ryzen 5,16.0,DDR4,512,0,Windows,64,0,ThinNlight,1,Yes,Yes,114999.0,11.0,AMD Ryzen 5,13.5,512
DELL,core,Intel,Ryzen 5,16.0,DDR4,256,0,Windows,32,0,Casual,0,No,No,43900.0,11.0,AMD Ryzen 5,15.6,256
ACER,core,Pre-installed,Ryzen 5,16.0,DDR4,128,0,Missing,32,4,Casual,0,No,No,116640.0,,AMD Ryzen 5,,128
DELL,inspiron,Intel,Ryzen 5,16.0,DDR4,512,0,Windows,64,2,Casual,1,Yes,Yes,82990.0,11.0,AMD Ryzen 5,14.0,512
DELL,inspiron,Intel,Ryzen 5,16.0,DDR4,256,0,Windows,64,0,Casual,1,No,No,46690.0,11.0,AMD Ryzen 5,15.6,256
ACER,intel,Intel,Ryzen 5,16.0,DDR4,512,0,Windows,64,0,ThinNlight,0,Yes,No,109999.0,11.0,AMD Ryzen 5,14.0,512
ASUS,rog,AMD,Ryzen 5,16.0,DDR4,1024,0,Windows,64,0,Casual,1,No,No,135990.0,,AMD Ryzen 5,15.6,1024
ASUS,expertbook,Intel,Ryzen 5,16.0,DDR4,1024,0,Windows,64,0,Casual,0,No,No,165990.0,10.0,AMD Ryzen 5,14.0,1024
LENOVO,yoga,Intel,Ryzen 5,16.0,DDR4,512,0,Windows,64,0,ThinNlight,1,Yes,Yes,82990.0,11.0,AMD Ryzen 5,14.0,512
ASUS,expertbook,Intel,Ryzen 5,16.0,DDR4,0,1024,Windows,64,0,Casual,0,No,No,56990.0,10.0,AMD Ryzen 5,14.0,1024
LENOVO,yoga,Intel,Ryzen 5,16.0,DDR4,1024,0,Windows,64,0,ThinNlight,0,No,No,119990.0,10.0,AMD Ryzen 5,14.0,1024
DELL,inspiron,Intel,Ryzen 5,16.0,DDR4,512,0,Windows,64,2,Casual,1,Yes,Yes,79990.0,11.0,AMD Ryzen 5,14.0,512
LENOVO,ryzen,AMD,Ryzen 5,16.0,DDR4,512,1024,Windows,32,0,Casual,0,No,No,80490.0,,AMD Ryzen 5,14.0,1536
DELL,inspiron,Intel,Ryzen 5,16.0,DDR4,512,0,Windows,64,0,Casual,1,Yes,Yes,109190.0,10.0,AMD Ryzen 5,13.3,512
DELL,inspiron,Intel,Ryzen 5,16.0,DDR4,0,1024,Windows,64,0,Casual,1,No,Yes,43400.0,10.0,AMD Ryzen 5,15.6,1024
ASUS,zenbook,Intel,Ryzen 5,16.0,DDR4,512,0,Windows,64,0,Casual,1,Yes,No,114990.0,11.0,AMD Ryzen 5,14.0,512
HP,spectre,Intel,Ryzen 5,16.0,DDR4,512,0,Windows,64,0,Casual,1,Yes,No,129999.0,11.0,AMD Ryzen 5,13.5,512
LENOVO,core,Intel,Ryzen 5,16.0,DDR4,256,0,Windows,32,0,Casual,0,No,No,40990.0,10.0,AMD Ryzen 5,15.6,256
LENOVO,core,Intel,Ryzen 5,16.0,DDR4,0,1024,Missing,64,0,Casual,0,No,No,38999.0,10.0,AMD Ryzen 5,15.0,1024
HP,15s,Intel,Ryzen 5,16.0,DDR4,512,0,Windows,32,0,ThinNlight,1,No,No,50990.0,11.0,AMD Ryzen 5,15.6,512
DELL,inspiron,Intel,Ryzen 5,16.0,DDR4,256,1024,Windows,64,0,Casual,1,No,Yes,58990.0,11.0,AMD Ryzen 5,15.6,1280
MSI,gs,512,Ryzen 5,16.0,DDR4,0,0,Missing,32,6,Casual,0,No,No,149990.0,,AMD Ryzen 5,,0
HP,pavilion,Intel,Ryzen 5,16.0,DDR4,512,0,Windows,64,0,Casual,1,Yes,Yes,99999.0,11.0,AMD Ryzen 5,14.0,512
ACER,aspire,Intel,Ryzen 5,16.0,DDR4,0,1024,Windows,64,0,ThinNlight,1,No,No,61597.0,8.0,AMD Ryzen 5,15.6,1024
DELL,inspiron,Intel,Ryzen 5,16.0,DDR4,512,0,Windows,64,2,Casual,0,No,No,71290.0,11.0,AMD Ryzen 5,15.6,512
ASUS,rog,Intel,Ryzen 5,16.0,DDR4,0,0,Missing,32,6,Casual,0,No,No,146490.0,,AMD Ryzen 5,0.0,0
LENOVO,ideapad,Intel,Ryzen 5,16.0,DDR4,256,1024,Windows,64,4,Gaming,0,No,No,74999.0,10.0,AMD Ryzen 5,15.6,1280
LENOVO,ryzen,AMD,Ryzen 5,16.0,DDR4,512,0,Windows,64,4,Casual,1,No,No,106990.0,,AMD Ryzen 5,15.6,512
MSI,prestige,Intel,Ryzen 5,16.0,DDR4,512,0,Windows,64,2,Casual,1,No,No,104990.0,10.0,AMD Ryzen 5,14.0,512
ASUS,zenbook,First,Ryzen 5,16.0,DDR4,0,0,Missing,64,4,Casual,0,No,No,175190.0,,AMD Ryzen 5,0.0,0
HP,15s,Intel,Ryzen 5,16.0,DDR4,0,1024,Windows,64,0,ThinNlight,1,No,Yes,40750.0,10.0,AMD Ryzen 5,15.6,1024
DELL,vostro,Intel,Ryzen 5,16.0,DDR4,256,1024,Windows,64,0,ThinNlight,1,No,Yes,39990.0,11.0,AMD Ryzen 5,14.0,1280
ASUS,pro,Intel,Ryzen 5,16.0,DDR4,0,1024,Windows,64,0,ThinNlight,0,No,No,81990.0,8.0,AMD Ryzen 5,14.0,1024
ASUS,expertbook,Intel,Ryzen 5,16.0,DDR4,1024,0,Windows,64,0,Casual,0,No,No,167990.0,10.0,AMD Ryzen 5,14.0,1024
ASUS,ryzen,AMD,Ryzen 5,16.0,DDR4,512,0,Windows,32,4,Casual,0,No,No,79990.0,,AMD Ryzen 5,15.6,512
DELL,inspiron,Intel,Ryzen 5,16.0,DDR4,512,0,Windows,64,0,ThinNlight,1,No,Yes,79500.0,10.0,AMD Ryzen 5,14.0,512
ASUS,expertbook,Intel,Ryzen 5,16.0,DDR4,0,1024,Windows,64,2,Casual,0,No,No,93990.0,10.0,AMD Ryzen 5,14.0,1024
DELL,inspiron,Intel,Ryzen 5,16.0,DDR4,512,0,Windows,64,2,Casual,1,No,Yes,82990.0,10.0,AMD Ryzen 5,14.0,512
ASUS,rog,AMD,Ryzen 5,16.0,DDR4,1024,0,Windows,64,0,Casual,1,No,No,144990.0,,AMD Ryzen 5,14.0,1024
ASUS,expertbook,Intel,Ryzen 5,16.0,DDR4,0,1024,Windows,64,0,Casual,0,No,No,61249.0,10.0,AMD Ryzen 5,14.0,1024
DELL,inspiron,Intel,Ryzen 5,16.0,DDR4,0,1024,Windows,64,0,ThinNlight,1,No,Yes,43000.0,10.0,AMD Ryzen 5,15.6,1024
DELL,inspiron,Intel,Ryzen 5,16.0,DDR5,512,0,Windows,64,2,Casual,1,No,Yes,70980.0,11.0,AMD Ryzen 5,15.6,512
ACER,aspire,AMD,Ryzen 5,16.0,DDR5,256,0,Windows,64,0,Casual,1,No,No,31990.0,,AMD Ryzen 5,15.6,256
ASUS,core,Intel,Ryzen 5,16.0,DDR5,512,0,Windows,64,0,ThinNlight,0,Yes,No,109990.0,11.0,AMD Ryzen 5,13.3,512
ASUS,zenbook,Intel,Ryzen 5,16.0,DDR5,512,0,Windows,64,0,ThinNlight,1,No,No,99990.0,8.0,AMD Ryzen 5,13.3,512
IBALL,compbook,Intel,Ryzen 5,16.0,DDR5,0,0,Windows,64,0,Casual,0,No,No,13990.0,,AMD Ryzen 5,0.0,0
ASUS,zenbook,Intel,Ryzen 5,16.0,DDR5,512,0,Windows,64,0,Casual,1,Yes,No,99990.0,11.0,AMD Ryzen 5,14.0,512
ASUS,pro,Intel,Ryzen 5,16.0,DDR5,256,1024,Windows,64,0,ThinNlight,0,No,No,98912.0,8.0,AMD Ryzen 5,14.0,1280
HP,core,Intel,Ryzen 5,16.0,Full,512,0,Windows,64,0,ThinNlight,1,No,Yes,48900.0,11.0,AMD Ryzen 5,15.6,512
HP,spectre,Intel,Ryzen 5,16.0,Full,256,0,Windows,64,0,Casual,1,Yes,Yes,136590.0,8.0,AMD Ryzen 5,13.3,256
LENOVO,core,Intel,Ryzen 5,16.0,Full,512,0,Windows,64,2,ThinNlight,0,No,No,244801.0,8.0,AMD Ryzen 5,14.0,512
DELL,inspiron,Intel,Ryzen 5,16.0,Full,256,0,Windows,64,0,ThinNlight,1,No,No,39990.0,10.0,AMD Ryzen 5,15.6,256
LENOVO,ideapad,AMD,Ryzen 5,16.0,Full,512,0,Windows,32,0,Casual,1,No,No,59900.0,,AMD Ryzen 5,15.6,512
HP,430,Intel,Ryzen 5,16.0,Full,512,0,Windows,32,0,Casual,0,No,No,94000.0,11.0,AMD Ryzen 5,13.3,512
LENOVO,ideapad,Intel,Ryzen 5,16.0,GTX,0,0,Missing,32,2,Casual,0,No,No,46990.0,,AMD Ryzen 5,0.0,0
ASUS,expertbook,Intel,Ryzen 5,16.0,GTX,2048,0,Windows,64,0,Casual,0,No,No,233990.0,10.0,AMD Ryzen 5,14.0,2048
HP,spectre,Intel,Ryzen 5,16.0,i5,1024,0,Windows,64,0,Casual,1,Yes,No,165000.0,11.0,AMD Ryzen 5,13.5,1024
DELL,core,Intel,Ryzen 5,16.0,LED,512,0,Windows,64,2,Casual,0,Yes,No,82990.0,11.0,AMD Ryzen 5,14.0,512
DELL,inspiron,Intel,Ryzen 5,16.0,LPDDR3,256,0,Windows,64,4,Casual,1,No,Yes,87990.0,8.0,AMD Ryzen 5,13.3,256
ASUS,zenbook,Intel,Ryzen 5,16.0,LPDDR3,512,0,Windows,64,0,ThinNlight,0,No,No,94990.0,11.0,AMD Ryzen 5,13.3,512
MSI,prestige,Intel,Ryzen 5,16.0,LPDDR3,512,0,Windows,64,0,Casual,1,No,No,79990.0,11.0,AMD Ryzen 5,14.0,512
AVITA,pura,AMD,Ryzen 5,16.0,LPDDR3,128,0,Windows,64,0,ThinNlight,0,No,No,19990.0,,AMD Ryzen 5,14.0,128
HP,ryzen,AMD,Ryzen 5,16.0,LPDDR3,256,1024,Windows,64,0,ThinNlight,1,No,No,52990.0,,AMD Ryzen 5,14.0,1280
LENOVO,ideapad,Intel,Ryzen 5,16.0,LPDDR3,512,0,Windows,64,0,ThinNlight,1,No,Yes,86000.0,8.0,AMD Ryzen 5,13.3,512
ASUS,pro,Intel,Ryzen 5,16.0,LPDDR3,512,0,Windows,64,0,ThinNlight,0,No,No,85990.0,8.0,AMD Ryzen 5,14.0,512
ASUS,expertbook,Intel,Ryzen 5,16.0,LPDDR3,512,0,Windows,64,2,Casual,0,No,No,86990.0,10.0,AMD Ryzen 5,14.0,512
ASUS,zenbook,Intel,Ryzen 5,16.0,LPDDR3,512,0,Windows,64,2,Casual,1,No,Yes,105990.0,10.0,AMD Ryzen 5,14.0,512
ASUS,vivo,Intel,Ryzen 5,16.0,LPDDR3,0,1024,Windows,64,0,Casual,0,No,No,38000.0,10.0,AMD Ryzen 5,15.6,1024
LENOVO,core,Intel,Ryzen 5,16.0,LPDDR3,512,0,Windows,32,2,Casual,0,No,No,162399.0,10.0,AMD Ryzen 5,12.0,512
LENOVO,v15,Intel,Ryzen 5,16.0,LPDDR3,256,0,Windows,64,0,ThinNlight,0,No,No,43990.0,11.0,AMD Ryzen 5,15.6,256
ASUS,ryzen,AMD,Ryzen 5,16.0,LPDDR3,1024,0,Windows,64,4,Casual,1,No,No,149990.0,,AMD Ryzen 5,14.0,1024
DELL,inspiron,AMD,Ryzen 7,16.0,LPDDR3,512,0,Windows,64,0,Casual,1,Yes,Yes,89570.0,,AMD Ryzen 7,14.0,512
HP,15s,AMD,Ryzen 7,16.0,LPDDR4,512,0,Windows,64,0,ThinNlight,1,No,Yes,54590.0,,AMD Ryzen 7,15.6,512
ASUS,vivobook,Intel,Ryzen 7,16.0,LPDDR4,512,0,Windows,64,0,Casual,1,No,No,40990.0,10.0,AMD Ryzen 7,14.0,512
ASUS,expertbook,Intel,Ryzen 7,16.0,LPDDR4,512,0,Windows,64,0,Casual,0,No,No,84990.0,10.0,AMD Ryzen 7,14.0,512
ASUS,vivobook,Intel,Ryzen 7,16.0,LPDDR4,256,0,Windows,64,0,ThinNlight,1,No,No,36990.0,11.0,AMD Ryzen 7,14.0,256
ASUS,ryzen,AMD,Ryzen 7,16.0,LPDDR4,256,1024,Windows,64,0,ThinNlight,1,No,Yes,75100.0,,AMD Ryzen 7,15.6,1280
LENOVO,ideapad,Intel,Ryzen 7,16.0,LPDDR4,512,0,Windows,64,2,Casual,1,No,Yes,59999.0,8.0,AMD Ryzen 7,15.6,512
DELL,core,Intel,Ryzen 7,16.0,LPDDR4,0,1024,Windows,32,0,Casual,0,No,No,58990.0,11.0,AMD Ryzen 7,14.0,1024
HP,core,Intel,Ryzen 7,16.0,LPDDR4,512,0,Windows,32,0,Casual,0,No,No,119599.0,11.0,AMD Ryzen 7,14.0,512
LENOVO,legion,Pre-installed,Ryzen 7,16.0,LPDDR4,0,0,Missing,32,4,Casual,0,No,No,77890.0,,AMD Ryzen 7,0.0,0
DELL,inspiron,AMD,Ryzen 7,16.0,LPDDR4,512,0,Windows,64,0,Casual,1,Yes,Yes,75500.0,,AMD Ryzen 7,14.0,512
DELL,vostro,Intel,Ryzen 7,16.0,LPDDR4,512,0,Windows,64,0,Casual,0,No,No,41790.0,10.0,AMD Ryzen 7,15.6,512
LENOVO,yoga,Intel,Ryzen 7,16.0,LPDDR4X,512,0,Windows,64,0,Casual,1,No,Yes,91999.0,11.0,AMD Ryzen 7,14.0,512
LENOVO,ideapad,Intel,Ryzen 7,16.0,LPDDR4X,512,0,Windows,64,0,Casual,1,Yes,Yes,57999.0,11.0,AMD Ryzen 7,14.0,512
LENOVO,core,Intel,Ryzen 7,16.0,LPDDR4X,512,0,Windows,64,0,ThinNlight,0,No,No,211753.0,10.0,AMD Ryzen 7,14.0,512
ASUS,vivobook,Intel,Ryzen 7,16.0,LPDDR4X,256,1024,Windows,64,0,Casual,1,No,Yes,68900.0,11.0,AMD Ryzen 7,15.6,1280
LENOVO,apu,AMD,Ryzen 7,16.0,LPDDR4X,0,1024,Missing,64,0,Casual,0,No,No,21896.0,,AMD Ryzen 7,14.0,1024
DELL,inspiron,Intel,Ryzen 7,16.0,LPDDR4X,512,0,Windows,64,0,Casual,1,Yes,Yes,78900.0,11.0,AMD Ryzen 7,14.0,512
ASUS,expertbook,Intel,Ryzen 7,16.0,LPDDR4X,0,1024,Windows,64,2,Casual,0,No,No,83990.0,10.0,AMD Ryzen 7,14.0,1024
ASUS,expertbook,Intel,Ryzen 7,16.0,LPDDR4X,512,0,Windows,64,0,Casual,0,No,No,132790.0,10.0,AMD Ryzen 7,14.0,512
ASUS,ryzen,AMD,Ryzen 7,16.0,LPDDR4X,1024,0,Windows,64,4,Casual,1,No,No,142990.0,,AMD Ryzen 7,14.0,1024
HP,15s,AMD,Ryzen 7,16.0,LPDDR4X,512,0,Windows,64,0,ThinNlight,1,No,Yes,68500.0,,AMD Ryzen 7,15.6,512
AVITA,pura,AMD,Ryzen 7,16.0,LPDDR4X,128,0,Windows,64,0,ThinNlight,0,No,No,21490.0,,AMD Ryzen 7,14.0,128
DELL,g15,NVIDIA,Ryzen 7,16.0,LPDDR4X,0,0,Missing,32,4,Casual,0,No,No,75500.0,,AMD Ryzen 7,0.0,0
HP,ryzen,AMD,Ryzen 7,16.0,LPDDR4X,512,0,Windows,64,0,ThinNlight,1,No,Yes,51890.0,,AMD Ryzen 7,15.6,512
ASUS,expertbook,Intel,Ryzen 7,16.0,LPDDR4X,0,1024,Missing,32,2,Casual,0,No,No,58799.0,10.0,AMD Ryzen 7,14.0,1024
DELL,inspiron,Intel,Ryzen 7,16.0,LPDDR4X,0,1024,Windows,64,0,ThinNlight,1,No,Yes,37990.0,11.0,AMD Ryzen 7,14.96,1024
HP,apu,AMD,Ryzen 7,16.0,LPDDR4X,0,1024,Missing,32,0,Casual,0,No,No,20900.0,,AMD Ryzen 7,14.0,1024
NOKIA,purebook,Intel,Ryzen 7,16.0,LPDDR4X,512,0,Windows,64,0,ThinNlight,0,No,No,55990.0,11.0,AMD Ryzen 7,14.0,512
LENOVO,core,Intel,Ryzen 7,16.0,LPDDR4X,0,1024,Missing,32,0,Casual,0,No,No,49999.0,10.0,AMD Ryzen 7,14.0,1024
HP,chromebook,MediaTek,Ryzen 7,16.0,LPDDR4X,0,0,Missing,32,0,Casual,0,No,No,22490.0,,AMD Ryzen 7,0.0,0
ASUS,chromebook,Intel,Ryzen 7,16.0,LPDDR4X,0,0,Missing,64,0,Casual,0,No,No,18990.0,,AMD Ryzen 7,0.0,0
HP,chromebook,MediaTek,Ryzen 7,16.0,LPDDR4X,0,0,Missing,32,0,Casual,0,No,No,22990.0,,AMD Ryzen 7,0.0,0
DELL,core,Intel,Ryzen 7,16.0,LPDDR4X,256,0,Windows,64,0,Casual,1,No,No,48500.0,11.0,AMD Ryzen 7,15.6,256
ASUS,vivobook,AMD,Ryzen 7,16.0,LPDDR4X,512,0,Windows,64,0,Casual,1,No,No,78000.0,,AMD Ryzen 7,17.3,512
DELL,inspiron,Intel,Ryzen 7,16.0,LPDDR4X,1024,0,Windows,64,0,ThinNlight,0,No,No,74190.0,11.0,AMD Ryzen 7,13.3,1024
HP,250-g6,Intel,Ryzen 7,16.0,LPDDR4X,0,1024,Missing,32,2,Casual,0,No,No,46200.0,7.0,AMD Ryzen 7,15.6,1024
HP,pavilion,Intel,Ryzen 7,16.0,LPDDR4X,0,1024,Windows,64,2,Casual,1,No,Yes,64990.0,8.0,AMD Ryzen 7,15.6,1024
HP,14a,Intel,Ryzen 7,16.0,LPDDR4X,0,0,Missing,64,0,Casual,0,No,No,26470.0,,AMD Ryzen 7,0.0,0
LENOVO,ideapad,Intel,Ryzen 7,16.0,LPDDR4X,512,0,Windows,64,4,Gaming,0,No,No,60990.0,11.0,AMD Ryzen 7,15.6,512
LENOVO,ideapad,Intel,Ryzen 7,16.0,LPDDR4X,0,0,Missing,64,0,Casual,0,No,No,25990.0,,AMD Ryzen 7,0.0,0
LENOVO,intel,Intel,Ryzen 7,16.0,LPDDR4X,512,0,Windows,32,0,Casual,0,No,No,110999.0,11.0,AMD Ryzen 7,14.0,512
AVITA,pura,AMD,Ryzen 7,16.0,LPDDR4X,256,0,Windows,64,0,ThinNlight,0,No,No,24990.0,,AMD Ryzen 7,14.0,256
ASUS,chromebook,Intel,Ryzen 7,16.0,LPDDR4X,0,0,Missing,32,0,Casual,0,No,No,17990.0,,AMD Ryzen 7,0.0,0
DELL,inspiron,Intel,Ryzen 7,16.0,LPDDR4X,256,1024,Windows,64,2,Casual,0,No,No,71695.0,11.0,AMD Ryzen 7,15.6,1280
AVITA,liber,Intel,Ryzen 7,16.0,LPDDR4X,512,0,Windows,64,0,ThinNlight,0,No,No,65556.0,7.0,AMD Ryzen 7,13.3,512
HP,chromebook,Intel,Ryzen 7,16.0,LPDDR4X,0,0,Missing,64,0,Casual,0,No,No,27990.0,,AMD Ryzen 7,0.0,0
HP,da,Intel,Ryzen 7,16.0,LPDDR4X,0,1024,Windows,64,2,Casual,0,No,No,49279.0,7.0,AMD Ryzen 7,15.6,1024
AVITA,cosmos,Intel,Ryzen 7,16.0,LPDDR4X,0,0,Windows,64,0,Casual,0,No,No,17490.0,,AMD Ryzen 7,0.0,0
ASUS,asus,Intel,Ryzen 7,16.0,LPDDR4X,1024,0,Windows,64,6,Gaming,1,No,No,139990.0,11.0,AMD Ryzen 7,15.6,1024
AVITA,liber,Intel,Ryzen 7,16.0,LPDDR4X,1024,0,Windows,64,0,ThinNlight,0,No,No,62990.0,10.0,AMD Ryzen 7,14.0,1024
HP,athlon,AMD,Ryzen 7,16.0,LPDDR4X,32,0,Missing,32,4,Casual,0,No,No,26899.0,,AMD Ryzen 7,14.0,32
LENOVO,thinkbook,Intel,Ryzen 7,16.0,LPDDR4X,1024,0,Windows,64,0,Casual,1,No,Yes,85990.0,11.0,AMD Ryzen 7,13.0,1024
LENOVO,core,Intel,Ryzen 7,16.0,LPDDR4X,0,1024,Windows,32,0,Casual,0,No,No,38999.0,10.0,AMD Ryzen 7,15.6,1024
DELL,inspiron,Intel,Ryzen 7,16.0,LPDDR4X,512,0,Windows,64,0,ThinNlight,0,No,No,70190.0,11.0,AMD Ryzen 7,15.6,512
VAIO,e,AMD,Ryzen 7,16.0,LPDDR4X,512,0,Windows,64,0,ThinNlight,2,No,Yes,50990.0,,AMD Ryzen 7,15.6,512
DELL,core,Intel,Ryzen 7,16.0,LPDDR4X,512,0,Windows,64,2,Casual,1,Yes,No,79590.0,11.0,AMD Ryzen 7,14.0,512
HP,pavilion,AMD,Ryzen 9,16.0,LPDDR4X,512,0,Windows,64,0,ThinNlight,1,No,Yes,59999.0,,AMD Ryzen 9,14.0,512
HP,15q,AMD,Ryzen 9,16.0,LPDDR4X,0,1024,Windows,64,0,Casual,1,No,No,32917.0,,AMD Ryzen 9,15.6,1024
AVITA,liber,Intel,Ryzen 9,16.0,LPDDR4X,512,0,Windows,64,0,ThinNlight,0,No,No,65556.0,7.0,AMD Ryzen 9,13.3,512
HP,15s,M.2,Ryzen 9,16.0,LPDDR4X,0,0,Missing,32,0,ThinNlight,0,No,No,55990.0,,AMD Ryzen 9,0.0,0
ASUS,tuf,Intel,Ryzen 9,16.0,LPDDR4X,512,0,Windows,64,4,Casual,1,No,No,76990.0,11.0,AMD Ryzen 9,15.6,512
ASUS,vivobook,Intel,Ryzen 9,16.0,LPDDR4X,256,0,Windows,64,0,Casual,0,No,No,48990.0,11.0,AMD Ryzen 9,15.6,256
HP,hp,Intel,Ryzen 9,16.0,LPDDR4X,1024,0,Windows,64,2,Casual,1,No,Yes,94990.0,11.0,AMD Ryzen 9,13.3,1024
NOKIA,purebook,Intel,Ryzen 9,16.0,LPDDR4X,512,0,Windows,64,0,ThinNlight,0,No,No,52790.0,11.0,AMD Ryzen 9,14.0,512
DELL,core,Intel,Ryzen 9,16.0,LPDDR4X,512,0,Windows,64,4,Casual,1,No,No,99990.0,11.0,AMD Ryzen 9,15.6,512
HP,omen,Intel,Ryzen 9,16.0,LPDDR4X,1024,0,Windows,64,6,Casual,1,No,Yes,136990.0,11.0,AMD Ryzen 9,16.1,1024
DELL,inspiron,Intel,Ryzen 9,16.0,LPDDR4X,512,0,Windows,64,0,ThinNlight,0,No,No,45930.0,11.0,AMD Ryzen 9,15.6,512
LENOVO,ideapad,AMD,Ryzen 9,16.0,LPDDR4X,512,0,Windows,64,0,Casual,1,No,No,73400.0,,AMD Ryzen 9,14.0,512
HP,pavilion,Intel,Ryzen 9,16.0,LPDDR4X,512,0,Windows,64,0,Casual,1,Yes,Yes,55490.0,11.0,AMD Ryzen 9,14.0,512
AVITA,liber,Intel,Ryzen 9,16.0,LPDDR4X,512,0,Windows,64,0,ThinNlight,0,No,No,65556.0,7.0,AMD Ryzen 9,13.3,512
ACER,swift,Intel,Ryzen 9,16.0,LPDDR4X,0,0,Missing,32,0,Casual,0,No,No,94190.0,,AMD Ryzen 9,0.0,0
VAIO,e,AMD,Ryzen 9,16.0,LPDDR4X,512,0,Windows,64,0,ThinNlight,2,No,Yes,57990.0,,AMD Ryzen 9,15.6,512
LENOVO,legion,Intel,Ryzen 9,16.0,LPDDR4X,1024,0,Windows,64,8,Casual,1,No,Yes,234990.0,10.0,AMD Ryzen 9,15.6,1024
HP,x360,Intel,Ryzen 9,16.0,LPDDR4X,256,0,Missing,64,0,Casual,1,Yes,No,56490.0,11.0,AMD Ryzen 9,14.0,256
AVITA,liber,Intel,Ryzen 9,16.0,LPDDR4X,512,0,Windows,64,0,ThinNlight,0,No,No,44990.0,8.0,AMD Ryzen 9,14.0,512
ASUS,intel,Intel,Ryzen 9,16.0,LPDDR4X,512,0,Windows,64,0,Casual,1,Yes,Yes,84990.0,11.0,AMD Ryzen 9,13.3,512
ASUS,ryzen,AMD,Ryzen 9,16.0,Master,1024,0,Windows,64,0,ThinNlight,1,No,Yes,84970.0,,AMD Ryzen 9,13.3,1024
HP,15q,Intel,Ryzen 9,16.0,ram_type,0,1024,Windows,64,0,Casual,1,No,No,46790.0,8.0,AMD Ryzen 9,15.6,1024
SMARTRON,t.book,Intel,Ryzen 9,16.0,Unified,128,0,Windows,64,0,Casual,0,Yes,No,52990.0,7.0,AMD Ryzen 9,12.2,128
DELL,inspiron,AMD,Ryzen 9,16.0,Unified,512,0,Windows,64,0,ThinNlight,0,No,No,42090.0,,AMD Ryzen 9,15.6,512
HP,pavilion,AMD,Ryzen 9,16.0,Unified,512,0,Windows,64,4,Gaming,1,No,Yes,64990.0,,AMD Ryzen 9,15.6,512
ASUS,eeebook,Intel,Ryzen 9,16.0,Unified,0,0,Windows,64,0,Casual,0,No,No,22990.0,,AMD Ryzen 9,0.0,0
HP,pavilion,AMD,Slot for,16.0,Unified,512,0,Windows,64,2,Casual,1,No,Yes,79990.0,,,14.0,512
LENOVO,ideapad,Intel,Snapdragon 7c,16.0,Unified,512,0,Windows,64,2,Casual,1,Yes,Yes,86999.0,10.0,Entry level,14.0,512
