check,result,severity,detail
A1 cohort total vs unfiltered row sum,DEFECT,critical,"Sum of the seven source files' raw row counts is 1,804,571; the manuscript's post-QC cohort is 1,804,571. These are IDENTICAL, so the stated N50 >10 kb / contamination <5% / completeness >95% filters excluded exactly zero isolates. Either the filters were not applied or the exclusion count is missing."
A3 Campylobacter jejuni: unit of analysis,DEFECT,critical,"The manuscript reports n=16,030 'AST-labelled isolates'. Summing the notebook's per-drug label counts (ciprofloxacin=4,009, tetracycline=4,008, gentamicin=4,004, erythromycin=4,009) gives 16,030. The claimed isolate count is the sum of isolate-drug labels; unique labelled isolates cannot exceed 4,009."
A3 Klebsiella pneumoniae: unit of analysis,DEFECT,critical,"The manuscript reports n=175 'AST-labelled isolates'. Summing the notebook's per-drug label counts (ciprofloxacin=61, gentamicin=66, tetracycline=48) gives 175. The claimed isolate count is the sum of isolate-drug labels; unique labelled isolates cannot exceed 66, and the source file holds only 76 non-null AST cells."
A4 Table 1 AST total,DEFECT,critical,"Table 1's AST total 16,205 equals 16,030 + 175 = 16,205, so the isolate-drug double counting propagates into the cohort total as well."
A5 Figure 4b cell total,DEFECT,critical,"The four cells sum to 31,038, matching the stated total 31,038. The total is internally consistent but matches no cohort: C. jejuni isolate-drug labels sum to 16,030 and the caption's 'four drug classes x isolates' would be 64,120."
A5 Figure 4b accuracy,DEFECT,critical,"(TP+TN)/total = 30,087/31,038 = 96.94%, but the caption states 97.1%."
A5 Figure 4a combination count,DEFECT,major,"Figure 4a states n=10 validated pathogen-antibiotic combinations; Table 3 contains 6 drug-model rows, and the notebook produced results for 6 pathogen-drug pairs across 2 species. The count of 10 is not reconstructable."
A7 curated determinant count,DEFECT,critical,"Methods claim 147 curated determinants across four classes. The notebook's RESISTANCE_GENE_DATABASE holds 67 entries for those classes (56 genes + 11 point mutations), or 78 including an unreported beta-lactam class. 147 appears nowhere in the code."
A7 species gene counts,DEFECT,major,"Table 1's 208 and 542 match the notebook's empirical per-species gene vocabularies, so they are data-derived design-matrix widths, not the curated set. Three different quantities are reported under one label."
A7 Figure 4c remaining features,DEFECT,major,"Figure 4c names two dominant features and attributes the rest to 'the remaining 205 features'. With 208 C. jejuni features, the remainder is 206, not 205."
A8 Table 3 PPV/NPV coherence,DEFECT,critical,"6 of 6 transcribed rows report predictive values incompatible with their own prevalence, sensitivity and specificity. Largest PPV discrepancy: 38.3 percentage points. Rounding of the inputs cannot account for errors of this size."
A8 PPV column provenance,DEFECT,critical,In 3 of 6 rows the reported PPV equals the reported specificity to the printed precision (C. jejuni gentamicin random forest: PPV=99.6=Sp=99.6; C. jejuni gentamicin gradient boosting: PPV=99.5=Sp=99.5; C. jejuni erythromycin random forest: PPV=99.1=Sp=99.1). This is consistent with the specificity column having been copied into the PPV column during table assembly. The K. pneumoniae rows do not follow this pattern and need separate tracing.
A9 Table 3 Se/Sp provenance,DEFECT,critical,"1 of 4 traceable rows have Table 3 sensitivity and specificity matching the notebook's fold-averaged values exactly (K. pneumoniae ciprofloxacin RF: 94.2 / 73.3). Those fold averages are means of per-fold ratios, not values derived from pooled counts, and the notebook never emitted PPV or NPV at all -- so the Table 3 predictive-value columns have no output to trace to."
